Tissue_Type,Cell_Type,Machine_Learning,F1_score,Precision,Recall,Accuracy,Positive_Samples,Negative_Samples
Adrenal_gland,Connective,Decision_Tree,0.4304,0.4205,0.4409,0.7444,928,3316
Adrenal_gland,Connective,Gradient_Boosting,0.5049,0.6471,0.414,0.8221,928,3316
Adrenal_gland,Connective,LightGBM,0.5344,0.5072,0.5645,0.7845,928,3316
Adrenal_gland,Connective,Logistic_Regression,0.5239,0.4271,0.6774,0.7303,928,3316
Adrenal_gland,Connective,Random_Forest,0.5035,0.7396,0.3817,0.8351,928,3316
Adrenal_gland,Connective,SVM,0.551,0.4618,0.6828,0.7562,928,3316
Adrenal_gland,Connective,Weighted_Ensemble,0.5485,0.5657,0.5323,0.808,928,3316
Adrenal_gland,Connective,XGBoost,0.5289,0.5424,0.5161,0.7986,928,3316
Adrenal_gland,Dead,Decision_Tree,0.0,0.0,0.0,1.0,0,4244
Adrenal_gland,Dead,LightGBM,0.0,0.0,0.0,1.0,0,4244
Adrenal_gland,Dead,Random_Forest,0.0,0.0,0.0,1.0,0,4244
Adrenal_gland,Epithelial,Decision_Tree,0.424,0.4381,0.4107,0.8528,560,3684
Adrenal_gland,Epithelial,Gradient_Boosting,0.5143,0.7143,0.4018,0.8999,560,3684
Adrenal_gland,Epithelial,LightGBM,0.5472,0.58,0.5179,0.8869,560,3684
Adrenal_gland,Epithelial,Logistic_Regression,0.4365,0.316,0.7054,0.7597,560,3684
Adrenal_gland,Epithelial,Random_Forest,0.4054,0.8333,0.2679,0.8963,560,3684
Adrenal_gland,Epithelial,SVM,0.5432,0.4151,0.7857,0.8257,560,3684
Adrenal_gland,Epithelial,Weighted_Ensemble,0.5657,0.6512,0.5,0.8987,560,3684
Adrenal_gland,Epithelial,XGBoost,0.5659,0.6237,0.5179,0.8952,560,3684
Adrenal_gland,Inflammatory,Decision_Tree,0.3125,0.3333,0.2941,0.9482,168,4076
Adrenal_gland,Inflammatory,Gradient_Boosting,0.3043,0.5833,0.2059,0.9623,168,4076
Adrenal_gland,Inflammatory,LightGBM,0.3607,0.4074,0.3235,0.9541,168,4076
Adrenal_gland,Inflammatory,Logistic_Regression,0.2411,0.1421,0.7941,0.7998,168,4076
Adrenal_gland,Inflammatory,Random_Forest,0.15,0.5,0.0882,0.96,168,4076
Adrenal_gland,Inflammatory,SVM,0.2667,0.1644,0.7059,0.8445,168,4076
Adrenal_gland,Inflammatory,Weighted_Ensemble,0.3509,0.4348,0.2941,0.9564,168,4076
Adrenal_gland,Inflammatory,XGBoost,0.2295,0.2593,0.2059,0.9446,168,4076
Adrenal_gland,Neoplastic,Decision_Tree,0.7479,0.7373,0.7587,0.6879,2588,1656
Adrenal_gland,Neoplastic,Gradient_Boosting,0.8034,0.7766,0.832,0.7515,2588,1656
Adrenal_gland,Neoplastic,LightGBM,0.7973,0.8051,0.7896,0.755,2588,1656
Adrenal_gland,Neoplastic,Logistic_Regression,0.7698,0.8029,0.7394,0.7303,2588,1656
Adrenal_gland,Neoplastic,Random_Forest,0.8118,0.7774,0.8494,0.7597,2588,1656
Adrenal_gland,Neoplastic,SVM,0.7879,0.8263,0.7529,0.7527,2588,1656
Adrenal_gland,Neoplastic,Weighted_Ensemble,0.8069,0.8031,0.8108,0.7633,2588,1656
Adrenal_gland,Neoplastic,XGBoost,0.7911,0.7889,0.7934,0.7444,2588,1656
Bile-duct,Connective,Decision_Tree,0.5444,0.5552,0.5341,0.6736,1834,3189
Bile-duct,Connective,Gradient_Boosting,0.5808,0.6852,0.5041,0.7343,1834,3189
Bile-duct,Connective,LightGBM,0.6378,0.6327,0.6431,0.7333,1834,3189
Bile-duct,Connective,Logistic_Regression,0.6633,0.6115,0.7248,0.7313,1834,3189
Bile-duct,Connective,Random_Forest,0.5877,0.6992,0.5068,0.7403,1834,3189
Bile-duct,Connective,SVM,0.6693,0.6364,0.7057,0.7453,1834,3189
Bile-duct,Connective,Weighted_Ensemble,0.6336,0.6824,0.5913,0.7502,1834,3189
Bile-duct,Connective,XGBoost,0.5947,0.6127,0.5777,0.7124,1834,3189
Bile-duct,Dead,Decision_Tree,0.0,0.0,0.0,0.999,6,5017
Bile-duct,Dead,Gradient_Boosting,0.0,0.0,0.0,0.999,6,5017
Bile-duct,Dead,LightGBM,0.0,0.0,0.0,0.999,6,5017
Bile-duct,Dead,Logistic_Regression,0.0,0.0,0.0,0.9861,6,5017
Bile-duct,Dead,Random_Forest,0.0,0.0,0.0,0.999,6,5017
Bile-duct,Dead,SVM,0.0,0.0,0.0,0.993,6,5017
Bile-duct,Dead,Weighted_Ensemble,0.0,0.0,0.0,0.999,6,5017
Bile-duct,Dead,XGBoost,0.0,0.0,0.0,0.999,6,5017
Bile-duct,Epithelial,Decision_Tree,0.3175,0.3448,0.2941,0.9572,168,4855
Bile-duct,Epithelial,Gradient_Boosting,0.3182,0.7,0.2059,0.9701,168,4855
Bile-duct,Epithelial,LightGBM,0.3529,0.5294,0.2647,0.9672,168,4855
Bile-duct,Epithelial,Logistic_Regression,0.1176,0.065,0.6176,0.6866,168,4855
Bile-duct,Epithelial,Random_Forest,0.25,0.8333,0.1471,0.9701,168,4855
Bile-duct,Epithelial,SVM,0.191,0.1152,0.5588,0.8398,168,4855
Bile-duct,Epithelial,Weighted_Ensemble,0.375,0.6429,0.2647,0.9701,168,4855
Bile-duct,Epithelial,XGBoost,0.3404,0.6154,0.2353,0.9692,168,4855
Bile-duct,Inflammatory,Decision_Tree,0.5217,0.5205,0.5229,0.792,1091,3932
Bile-duct,Inflammatory,Gradient_Boosting,0.6396,0.7159,0.578,0.8587,1091,3932
Bile-duct,Inflammatory,LightGBM,0.6583,0.6062,0.7202,0.8378,1091,3932
Bile-duct,Inflammatory,Logistic_Regression,0.6055,0.4861,0.8028,0.7731,1091,3932
Bile-duct,Inflammatory,Random_Forest,0.6146,0.7451,0.5229,0.8577,1091,3932
Bile-duct,Inflammatory,SVM,0.632,0.5192,0.8073,0.796,1091,3932
Bile-duct,Inflammatory,Weighted_Ensemble,0.6815,0.6623,0.7018,0.8577,1091,3932
Bile-duct,Inflammatory,XGBoost,0.6382,0.6256,0.6514,0.8398,1091,3932
Bile-duct,Neoplastic,Decision_Tree,0.6048,0.6179,0.5922,0.7035,1924,3099
Bile-duct,Neoplastic,Gradient_Boosting,0.706,0.7699,0.6519,0.792,1924,3099
Bile-duct,Neoplastic,LightGBM,0.7374,0.7345,0.7403,0.798,1924,3099
Bile-duct,Neoplastic,Logistic_Regression,0.6993,0.6605,0.7429,0.7552,1924,3099
Bile-duct,Neoplastic,Random_Forest,0.7084,0.783,0.6468,0.796,1924,3099
Bile-duct,Neoplastic,SVM,0.7321,0.6864,0.7844,0.7801,1924,3099
Bile-duct,Neoplastic,Weighted_Ensemble,0.7246,0.7466,0.7039,0.795,1924,3099
Bile-duct,Neoplastic,XGBoost,0.7332,0.742,0.7247,0.798,1924,3099
Bladder,Connective,Decision_Tree,0.681,0.7037,0.6597,0.6973,721,749
Bladder,Connective,Gradient_Boosting,0.7826,0.7548,0.8125,0.7789,721,749
Bladder,Connective,LightGBM,0.7657,0.7296,0.8056,0.7585,721,749
Bladder,Connective,Logistic_Regression,0.7534,0.7432,0.7639,0.7551,721,749
Bladder,Connective,Random_Forest,0.7973,0.7763,0.8194,0.7959,721,749
Bladder,Connective,SVM,0.7729,0.755,0.7917,0.7721,721,749
Bladder,Connective,Weighted_Ensemble,0.7933,0.7628,0.8264,0.7891,721,749
Bladder,Connective,XGBoost,0.7774,0.7452,0.8125,0.7721,721,749
Bladder,Dead,Decision_Tree,0.0,0.0,0.0,1.0,0,1470
Bladder,Dead,LightGBM,0.0,0.0,0.0,1.0,0,1470
Bladder,Dead,Random_Forest,0.0,0.0,0.0,1.0,0,1470
Bladder,Epithelial,Decision_Tree,0.0,0.0,0.0,0.9898,9,1461
Bladder,Epithelial,Gradient_Boosting,0.0,0.0,0.0,0.9932,9,1461
Bladder,Epithelial,LightGBM,0.0,0.0,0.0,0.9898,9,1461
Bladder,Epithelial,Logistic_Regression,0.0,0.0,0.0,0.9762,9,1461
Bladder,Epithelial,Random_Forest,0.0,0.0,0.0,0.9932,9,1461
Bladder,Epithelial,SVM,0.0,0.0,0.0,0.9932,9,1461
Bladder,Epithelial,Weighted_Ensemble,0.0,0.0,0.0,0.9932,9,1461
Bladder,Epithelial,XGBoost,0.0,0.0,0.0,0.9898,9,1461
Bladder,Inflammatory,Decision_Tree,0.3529,0.375,0.3333,0.8878,135,1335
Bladder,Inflammatory,Gradient_Boosting,0.4889,0.6111,0.4074,0.9218,135,1335
Bladder,Inflammatory,LightGBM,0.5556,0.5556,0.5556,0.9184,135,1335
Bladder,Inflammatory,Logistic_Regression,0.4792,0.3333,0.8519,0.8299,135,1335
Bladder,Inflammatory,Random_Forest,0.3784,0.7,0.2593,0.9218,135,1335
Bladder,Inflammatory,SVM,0.4762,0.3509,0.7407,0.8503,135,1335
Bladder,Inflammatory,Weighted_Ensemble,0.5714,0.5517,0.5926,0.9184,135,1335
Bladder,Inflammatory,XGBoost,0.5965,0.5667,0.6296,0.9218,135,1335
Bladder,Neoplastic,Decision_Tree,0.7243,0.7213,0.7273,0.7721,605,865
Bladder,Neoplastic,Gradient_Boosting,0.8101,0.8276,0.7934,0.8469,605,865
Bladder,Neoplastic,LightGBM,0.8421,0.8254,0.8595,0.8673,605,865
Bladder,Neoplastic,Logistic_Regression,0.7829,0.7372,0.8347,0.8095,605,865
Bladder,Neoplastic,Random_Forest,0.8235,0.8376,0.8099,0.8571,605,865
Bladder,Neoplastic,SVM,0.8295,0.781,0.8843,0.8503,605,865
Bladder,Neoplastic,Weighted_Ensemble,0.8279,0.8211,0.8347,0.8571,605,865
Bladder,Neoplastic,XGBoost,0.8512,0.8512,0.8512,0.8776,605,865
Breast,Connective,Decision_Tree,0.4453,0.4448,0.4457,0.7348,7327,23348
Breast,Connective,Gradient_Boosting,0.5103,0.7178,0.3959,0.8186,7327,23348
Breast,Connective,LightGBM,0.5761,0.4997,0.6799,0.761,7327,23348
Breast,Connective,Logistic_Regression,0.5638,0.4721,0.6997,0.7415,7327,23348
Breast,Connective,Random_Forest,0.4874,0.7355,0.3645,0.817,7327,23348
Breast,Connective,SVM,0.5874,0.5017,0.7085,0.7623,7327,23348
Breast,Connective,Weighted_Ensemble,0.5794,0.5644,0.5952,0.7936,7327,23348
Breast,Connective,XGBoost,0.5576,0.5073,0.6191,0.7654,7327,23348
Breast,Dead,Decision_Tree,0.0,0.0,0.0,0.9993,11,30664
Breast,Dead,Gradient_Boosting,0.0,0.0,0.0,0.9995,11,30664
Breast,Dead,LightGBM,0.0,0.0,0.0,0.9992,11,30664
Breast,Dead,Logistic_Regression,0.0,0.0,0.0,0.9824,11,30664
Breast,Dead,Random_Forest,0.0,0.0,0.0,0.9997,11,30664
Breast,Dead,SVM,0.0,0.0,0.0,0.9963,11,30664
Breast,Dead,Weighted_Ensemble,0.0,0.0,0.0,0.9997,11,30664
Breast,Dead,XGBoost,0.0,0.0,0.0,0.9987,11,30664
Breast,Epithelial,Decision_Tree,0.4117,0.4168,0.4067,0.7247,7266,23409
Breast,Epithelial,Gradient_Boosting,0.3783,0.6981,0.2595,0.798,7266,23409
Breast,Epithelial,LightGBM,0.5647,0.4506,0.7564,0.7239,7266,23409
Breast,Epithelial,Logistic_Regression,0.5229,0.3997,0.7557,0.6733,7266,23409
Breast,Epithelial,Random_Forest,0.3797,0.6834,0.2629,0.7966,7266,23409
Breast,Epithelial,SVM,0.5653,0.4388,0.7942,0.7107,7266,23409
Breast,Epithelial,Weighted_Ensemble,0.56,0.5064,0.6263,0.7669,7266,23409
Breast,Epithelial,XGBoost,0.5483,0.47,0.6579,0.7433,7266,23409
Breast,Inflammatory,Decision_Tree,0.3804,0.3776,0.3832,0.8354,4045,26630
Breast,Inflammatory,Gradient_Boosting,0.4605,0.703,0.3424,0.8942,4045,26630
Breast,Inflammatory,LightGBM,0.5203,0.4,0.7441,0.8191,4045,26630
Breast,Inflammatory,Logistic_Regression,0.4583,0.3262,0.7701,0.7599,4045,26630
Breast,Inflammatory,Random_Forest,0.4286,0.7054,0.3078,0.8918,4045,26630
Breast,Inflammatory,SVM,0.4931,0.3584,0.7899,0.7858,4045,26630
Breast,Inflammatory,Weighted_Ensemble,0.534,0.4659,0.6255,0.8561,4045,26630
Breast,Inflammatory,XGBoost,0.5265,0.4476,0.6391,0.8484,4045,26630
Breast,Neoplastic,Decision_Tree,0.6283,0.6217,0.6349,0.7055,12026,18649
Breast,Neoplastic,Gradient_Boosting,0.7083,0.7742,0.6528,0.7892,12026,18649
Breast,Neoplastic,LightGBM,0.7396,0.7125,0.7688,0.7878,12026,18649
Breast,Neoplastic,Logistic_Regression,0.7059,0.6748,0.7401,0.7583,12026,18649
Breast,Neoplastic,Random_Forest,0.7055,0.775,0.6474,0.7881,12026,18649
Breast,Neoplastic,SVM,0.7503,0.7162,0.7879,0.7945,12026,18649
Breast,Neoplastic,Weighted_Ensemble,0.7356,0.742,0.7293,0.7945,12026,18649
Breast,Neoplastic,XGBoost,0.7284,0.7071,0.7509,0.7804,12026,18649
Cervix,Connective,Decision_Tree,0.3691,0.3767,0.3618,0.7864,761,3639
Cervix,Connective,Gradient_Boosting,0.4372,0.746,0.3092,0.8625,761,3639
Cervix,Connective,LightGBM,0.492,0.4783,0.5066,0.8193,761,3639
Cervix,Connective,Logistic_Regression,0.4508,0.3377,0.6776,0.7148,761,3639
Cervix,Connective,Random_Forest,0.3756,0.8222,0.2434,0.8602,761,3639
Cervix,Connective,SVM,0.4786,0.3643,0.6974,0.7375,761,3639
Cervix,Connective,Weighted_Ensemble,0.4981,0.5841,0.4342,0.8489,761,3639
Cervix,Connective,XGBoost,0.5018,0.5714,0.4474,0.8466,761,3639
Cervix,Dead,Decision_Tree,0.0,0.0,0.0,0.9784,53,4347
Cervix,Dead,Gradient_Boosting,0.0,0.0,0.0,0.9818,53,4347
Cervix,Dead,LightGBM,0.0,0.0,0.0,0.9818,53,4347
Cervix,Dead,Logistic_Regression,0.0503,0.0266,0.4545,0.7852,53,4347
Cervix,Dead,Random_Forest,0.0,0.0,0.0,0.9875,53,4347
Cervix,Dead,SVM,0.0513,0.0283,0.2727,0.8739,53,4347
Cervix,Dead,Weighted_Ensemble,0.0513,0.0283,0.2727,0.8739,53,4347
Cervix,Dead,XGBoost,0.0,0.0,0.0,0.983,53,4347
Cervix,Epithelial,Decision_Tree,0.0,0.0,0.0,0.9716,76,4324
Cervix,Epithelial,Gradient_Boosting,0.2105,0.5,0.1333,0.983,76,4324
Cervix,Epithelial,LightGBM,0.125,1.0,0.0667,0.9841,76,4324
Cervix,Epithelial,Logistic_Regression,0.0682,0.0361,0.6,0.7205,76,4324
Cervix,Epithelial,Random_Forest,0.0,0.0,0.0,0.983,76,4324
Cervix,Epithelial,SVM,0.1074,0.0597,0.5333,0.8489,76,4324
Cervix,Epithelial,Weighted_Ensemble,0.2105,0.5,0.1333,0.983,76,4324
Cervix,Epithelial,XGBoost,0.2105,0.5,0.1333,0.983,76,4324
Cervix,Inflammatory,Decision_Tree,0.5556,0.534,0.5789,0.8,952,3448
Cervix,Inflammatory,Gradient_Boosting,0.6686,0.755,0.6,0.8716,952,3448
Cervix,Inflammatory,LightGBM,0.7084,0.6533,0.7737,0.8625,952,3448
Cervix,Inflammatory,Logistic_Regression,0.6818,0.5612,0.8684,0.825,952,3448
Cervix,Inflammatory,Random_Forest,0.6944,0.7959,0.6158,0.883,952,3448
Cervix,Inflammatory,SVM,0.6846,0.5651,0.8684,0.8273,952,3448
Cervix,Inflammatory,Weighted_Ensemble,0.7254,0.6957,0.7579,0.8761,952,3448
Cervix,Inflammatory,XGBoost,0.6787,0.6633,0.6947,0.858,952,3448
Cervix,Neoplastic,Decision_Tree,0.736,0.7262,0.7461,0.6886,2558,1842
Cervix,Neoplastic,Gradient_Boosting,0.7802,0.7607,0.8008,0.7375,2558,1842
Cervix,Neoplastic,LightGBM,0.7885,0.798,0.7793,0.7568,2558,1842
Cervix,Neoplastic,Logistic_Regression,0.7609,0.7941,0.7305,0.733,2558,1842
Cervix,Neoplastic,Random_Forest,0.7836,0.7654,0.8027,0.742,2558,1842
Cervix,Neoplastic,SVM,0.7659,0.8074,0.7285,0.7409,2558,1842
Cervix,Neoplastic,Weighted_Ensemble,0.7795,0.7857,0.7734,0.7455,2558,1842
Cervix,Neoplastic,XGBoost,0.7906,0.7922,0.7891,0.7568,2558,1842
Colon,Connective,Decision_Tree,0.4927,0.5041,0.4818,0.6567,6443,12185
Colon,Connective,Gradient_Boosting,0.5298,0.6788,0.4344,0.7332,6443,12185
Colon,Connective,LightGBM,0.6032,0.562,0.6509,0.7037,6443,12185
Colon,Connective,Logistic_Regression,0.5814,0.5268,0.6486,0.6769,6443,12185
Colon,Connective,Random_Forest,0.5319,0.6897,0.4329,0.7364,6443,12185
Colon,Connective,SVM,0.6142,0.5592,0.6811,0.704,6443,12185
Colon,Connective,Weighted_Ensemble,0.5935,0.618,0.571,0.7295,6443,12185
Colon,Connective,XGBoost,0.5949,0.58,0.6106,0.7123,6443,12185
Colon,Dead,Decision_Tree,0.1395,0.1579,0.125,0.9801,239,18389
Colon,Dead,Gradient_Boosting,0.0896,0.1579,0.0625,0.9836,239,18389
Colon,Dead,LightGBM,0.2124,0.1846,0.25,0.9761,239,18389
Colon,Dead,Logistic_Regression,0.071,0.0373,0.75,0.7472,239,18389
Colon,Dead,Random_Forest,0.0408,1.0,0.0208,0.9874,239,18389
Colon,Dead,SVM,0.1126,0.0619,0.625,0.8731,239,18389
Colon,Dead,Weighted_Ensemble,0.275,0.3438,0.2292,0.9844,239,18389
Colon,Dead,XGBoost,0.2564,0.3333,0.2083,0.9844,239,18389
Colon,Epithelial,Decision_Tree,0.6159,0.6022,0.6302,0.8728,3013,15615
Colon,Epithelial,Gradient_Boosting,0.6944,0.7862,0.6219,0.9114,3013,15615
Colon,Epithelial,LightGBM,0.6841,0.6211,0.7612,0.8862,3013,15615
Colon,Epithelial,Logistic_Regression,0.6162,0.5138,0.7695,0.8449,3013,15615
Colon,Epithelial,Random_Forest,0.6886,0.7957,0.607,0.9112,3013,15615
Colon,Epithelial,SVM,0.678,0.5904,0.796,0.8776,3013,15615
Colon,Epithelial,Weighted_Ensemble,0.7099,0.7036,0.7164,0.9053,3013,15615
Colon,Epithelial,XGBoost,0.6979,0.6911,0.7048,0.9012,3013,15615
Colon,Inflammatory,Decision_Tree,0.5187,0.5326,0.5054,0.744,5084,13544
Colon,Inflammatory,Gradient_Boosting,0.595,0.7213,0.5064,0.8119,5084,13544
Colon,Inflammatory,LightGBM,0.6579,0.5793,0.7611,0.784,5084,13544
Colon,Inflammatory,Logistic_Regression,0.616,0.5289,0.7375,0.7491,5084,13544
Colon,Inflammatory,Random_Forest,0.5769,0.737,0.4739,0.8103,5084,13544
Colon,Inflammatory,SVM,0.6675,0.567,0.8112,0.7794,5084,13544
Colon,Inflammatory,Weighted_Ensemble,0.6596,0.6427,0.6775,0.8092,5084,13544
Colon,Inflammatory,XGBoost,0.6608,0.6226,0.704,0.8027,5084,13544
Colon,Neoplastic,Decision_Tree,0.4983,0.516,0.4818,0.7995,3849,14779
Colon,Neoplastic,Gradient_Boosting,0.5821,0.7709,0.4675,0.8612,3849,14779
Colon,Neoplastic,LightGBM,0.6559,0.5741,0.7649,0.8341,3849,14779
Colon,Neoplastic,Logistic_Regression,0.5765,0.458,0.7779,0.7638,3849,14779
Colon,Neoplastic,Random_Forest,0.5899,0.7952,0.4688,0.8653,3849,14779
Colon,Neoplastic,SVM,0.6552,0.5464,0.8182,0.8221,3849,14779
Colon,Neoplastic,Weighted_Ensemble,0.6637,0.6501,0.6779,0.858,3849,14779
Colon,Neoplastic,XGBoost,0.674,0.6359,0.7169,0.8567,3849,14779
Esophagus,Connective,Decision_Tree,0.607,0.6135,0.6005,0.6988,1889,2987
Esophagus,Connective,Gradient_Boosting,0.6769,0.7147,0.6429,0.7623,1889,2987
Esophagus,Connective,LightGBM,0.7079,0.6892,0.7275,0.7674,1889,2987
Esophagus,Connective,Logistic_Regression,0.7204,0.6875,0.7566,0.7725,1889,2987
Esophagus,Connective,Random_Forest,0.6817,0.7289,0.6402,0.7684,1889,2987
Esophagus,Connective,SVM,0.7164,0.6659,0.7751,0.7623,1889,2987
Esophagus,Connective,Weighted_Ensemble,0.7053,0.7016,0.709,0.7705,1889,2987
Esophagus,Connective,XGBoost,0.6543,0.6578,0.6508,0.7336,1889,2987
Esophagus,Dead,Decision_Tree,0.0,0.0,0.0,0.9785,59,4817
Esophagus,Dead,Gradient_Boosting,0.2857,0.3333,0.25,0.9846,59,4817
Esophagus,Dead,LightGBM,0.1429,0.5,0.0833,0.9877,59,4817
Esophagus,Dead,Logistic_Regression,0.0952,0.05,1.0,0.7664,59,4817
Esophagus,Dead,Random_Forest,0.0,0.0,0.0,0.9877,59,4817
Esophagus,Dead,SVM,0.0791,0.0424,0.5833,0.833,59,4817
Esophagus,Dead,Weighted_Ensemble,0.4,0.5,0.3333,0.9877,59,4817
Esophagus,Dead,XGBoost,0.4,0.5,0.3333,0.9877,59,4817
Esophagus,Epithelial,Decision_Tree,0.4,0.4286,0.375,0.9723,118,4758
Esophagus,Epithelial,Gradient_Boosting,0.4118,0.7,0.2917,0.9795,118,4758
Esophagus,Epithelial,LightGBM,0.4898,0.48,0.5,0.9744,118,4758
Esophagus,Epithelial,Logistic_Regression,0.2366,0.1358,0.9167,0.8545,118,4758
Esophagus,Epithelial,Random_Forest,0.2143,0.75,0.125,0.9775,118,4758
Esophagus,Epithelial,SVM,0.2803,0.1654,0.9167,0.8842,118,4758
Esophagus,Epithelial,Weighted_Ensemble,0.5581,0.6316,0.5,0.9805,118,4758
Esophagus,Epithelial,XGBoost,0.5581,0.6316,0.5,0.9805,118,4758
Esophagus,Inflammatory,Decision_Tree,0.2597,0.2564,0.2632,0.9416,189,4687
Esophagus,Inflammatory,Gradient_Boosting,0.3019,0.5333,0.2105,0.9621,189,4687
Esophagus,Inflammatory,LightGBM,0.3175,0.4,0.2632,0.9559,189,4687
Esophagus,Inflammatory,Logistic_Regression,0.2811,0.1659,0.9211,0.8166,189,4687
Esophagus,Inflammatory,Random_Forest,0.25,0.6,0.1579,0.9631,189,4687
Esophagus,Inflammatory,SVM,0.2476,0.1512,0.6842,0.8381,189,4687
Esophagus,Inflammatory,Weighted_Ensemble,0.3175,0.4,0.2632,0.9559,189,4687
Esophagus,Inflammatory,XGBoost,0.3125,0.3846,0.2632,0.9549,189,4687
Esophagus,Neoplastic,Decision_Tree,0.7216,0.7175,0.7257,0.6988,2621,2255
Esophagus,Neoplastic,Gradient_Boosting,0.7923,0.8039,0.781,0.7797,2621,2255
Esophagus,Neoplastic,LightGBM,0.8043,0.827,0.7829,0.7951,2621,2255
Esophagus,Neoplastic,Logistic_Regression,0.7851,0.8301,0.7448,0.7807,2621,2255
Esophagus,Neoplastic,Random_Forest,0.7981,0.8139,0.7829,0.7869,2621,2255
Esophagus,Neoplastic,SVM,0.7996,0.8531,0.7524,0.7971,2621,2255
Esophagus,Neoplastic,Weighted_Ensemble,0.8004,0.8229,0.779,0.791,2621,2255
Esophagus,Neoplastic,XGBoost,0.793,0.8055,0.781,0.7807,2621,2255
HeadNeck,Connective,Decision_Tree,0.6088,0.5741,0.6481,0.6975,1436,2512
HeadNeck,Connective,Gradient_Boosting,0.6618,0.7004,0.6272,0.7671,1436,2512
HeadNeck,Connective,LightGBM,0.661,0.6436,0.6794,0.7468,1436,2512
HeadNeck,Connective,Logistic_Regression,0.6773,0.6228,0.7422,0.743,1436,2512
HeadNeck,Connective,Random_Forest,0.655,0.738,0.5889,0.7747,1436,2512
HeadNeck,Connective,SVM,0.6843,0.6509,0.7213,0.7582,1436,2512
HeadNeck,Connective,Weighted_Ensemble,0.6726,0.6835,0.662,0.7658,1436,2512
HeadNeck,Connective,XGBoost,0.6387,0.6399,0.6376,0.738,1436,2512
HeadNeck,Dead,Decision_Tree,0.0,0.0,0.0,0.981,41,3907
HeadNeck,Dead,Gradient_Boosting,0.1538,0.2,0.125,0.9861,41,3907
HeadNeck,Dead,LightGBM,0.0,0.0,0.0,0.9899,41,3907
HeadNeck,Dead,Logistic_Regression,0.0889,0.0472,0.75,0.8443,41,3907
HeadNeck,Dead,Random_Forest,0.0,0.0,0.0,0.9899,41,3907
HeadNeck,Dead,SVM,0.1408,0.0794,0.625,0.9228,41,3907
HeadNeck,Dead,Weighted_Ensemble,0.1493,0.0847,0.625,0.9278,41,3907
HeadNeck,Dead,XGBoost,0.0,0.0,0.0,0.9861,41,3907
HeadNeck,Epithelial,Decision_Tree,0.2927,0.3529,0.25,0.9633,120,3828
HeadNeck,Epithelial,Gradient_Boosting,0.3871,0.8571,0.25,0.9759,120,3828
HeadNeck,Epithelial,LightGBM,0.2941,0.5,0.2083,0.9696,120,3828
HeadNeck,Epithelial,Logistic_Regression,0.2676,0.161,0.7917,0.8684,120,3828
HeadNeck,Epithelial,Random_Forest,0.1538,1.0,0.0833,0.9722,120,3828
HeadNeck,Epithelial,SVM,0.2075,0.1341,0.4583,0.8937,120,3828
HeadNeck,Epithelial,Weighted_Ensemble,0.25,0.5,0.1667,0.9696,120,3828
HeadNeck,Epithelial,XGBoost,0.2424,0.4444,0.1667,0.9684,120,3828
HeadNeck,Inflammatory,Decision_Tree,0.5596,0.5502,0.5693,0.7709,1009,2939
HeadNeck,Inflammatory,Gradient_Boosting,0.612,0.6829,0.5545,0.8203,1009,2939
HeadNeck,Inflammatory,LightGBM,0.6435,0.6043,0.6881,0.8051,1009,2939
HeadNeck,Inflammatory,Logistic_Regression,0.6299,0.5229,0.7921,0.762,1009,2939
HeadNeck,Inflammatory,Random_Forest,0.6,0.6835,0.5347,0.8177,1009,2939
HeadNeck,Inflammatory,SVM,0.6392,0.5477,0.7673,0.7785,1009,2939
HeadNeck,Inflammatory,Weighted_Ensemble,0.657,0.6415,0.6733,0.8203,1009,2939
HeadNeck,Inflammatory,XGBoost,0.654,0.6273,0.6832,0.8152,1009,2939
HeadNeck,Neoplastic,Decision_Tree,0.6182,0.6194,0.6171,0.7405,1342,2606
HeadNeck,Neoplastic,Gradient_Boosting,0.7037,0.788,0.6357,0.8177,1342,2606
HeadNeck,Neoplastic,LightGBM,0.6906,0.7011,0.6803,0.7924,1342,2606
HeadNeck,Neoplastic,Logistic_Regression,0.6972,0.6884,0.7063,0.7911,1342,2606
HeadNeck,Neoplastic,Random_Forest,0.6596,0.7647,0.5799,0.7962,1342,2606
HeadNeck,Neoplastic,SVM,0.6866,0.6891,0.684,0.7873,1342,2606
HeadNeck,Neoplastic,Weighted_Ensemble,0.6853,0.7382,0.6394,0.8,1342,2606
HeadNeck,Neoplastic,XGBoost,0.6744,0.7,0.6506,0.7861,1342,2606
Kidney,Connective,Decision_Tree,0.2604,0.25,0.2716,0.7715,405,2329
Kidney,Connective,Gradient_Boosting,0.2913,0.6818,0.1852,0.8665,405,2329
Kidney,Connective,LightGBM,0.3662,0.4262,0.321,0.8355,405,2329
Kidney,Connective,Logistic_Regression,0.3768,0.2667,0.642,0.6856,405,2329
Kidney,Connective,Random_Forest,0.2292,0.7333,0.1358,0.8647,405,2329
Kidney,Connective,SVM,0.4673,0.3759,0.6173,0.7916,405,2329
Kidney,Connective,Weighted_Ensemble,0.3913,0.4737,0.3333,0.8464,405,2329
Kidney,Connective,XGBoost,0.3485,0.451,0.284,0.8428,405,2329
Kidney,Dead,Decision_Tree,0.0,0.0,0.0,1.0,0,2734
Kidney,Dead,LightGBM,0.0,0.0,0.0,1.0,0,2734
Kidney,Dead,Random_Forest,0.0,0.0,0.0,1.0,0,2734
Kidney,Epithelial,Decision_Tree,0.1818,0.1429,0.25,0.9342,79,2655
Kidney,Epithelial,Gradient_Boosting,0.0,0.0,0.0,0.9653,79,2655
Kidney,Epithelial,LightGBM,0.0833,0.125,0.0625,0.9598,79,2655
Kidney,Epithelial,Logistic_Regression,0.1772,0.0986,0.875,0.7623,79,2655
Kidney,Epithelial,Random_Forest,0.0,0.0,0.0,0.9707,79,2655
Kidney,Epithelial,SVM,0.2268,0.1358,0.6875,0.8629,79,2655
Kidney,Epithelial,Weighted_Ensemble,0.2,0.1667,0.25,0.9415,79,2655
Kidney,Epithelial,XGBoost,0.1538,0.2,0.125,0.9598,79,2655
Kidney,Inflammatory,Decision_Tree,0.4118,0.4286,0.3962,0.8903,264,2470
Kidney,Inflammatory,Gradient_Boosting,0.5747,0.7353,0.4717,0.9324,264,2470
Kidney,Inflammatory,LightGBM,0.6476,0.6538,0.6415,0.9324,264,2470
Kidney,Inflammatory,Logistic_Regression,0.5087,0.3667,0.8302,0.8446,264,2470
Kidney,Inflammatory,Random_Forest,0.48,0.8182,0.3396,0.9287,264,2470
Kidney,Inflammatory,SVM,0.5441,0.4458,0.6981,0.8867,264,2470
Kidney,Inflammatory,Weighted_Ensemble,0.5745,0.6585,0.5094,0.9269,264,2470
Kidney,Inflammatory,XGBoost,0.5625,0.6279,0.5094,0.9232,264,2470
Kidney,Neoplastic,Decision_Tree,0.8274,0.8048,0.8514,0.7422,1986,748
Kidney,Neoplastic,Gradient_Boosting,0.8694,0.8225,0.9219,0.7989,1986,748
Kidney,Neoplastic,LightGBM,0.8657,0.855,0.8766,0.8026,1986,748
Kidney,Neoplastic,Logistic_Regression,0.7973,0.8534,0.7481,0.7239,1986,748
Kidney,Neoplastic,Random_Forest,0.8712,0.814,0.937,0.7989,1986,748
Kidney,Neoplastic,SVM,0.8289,0.8678,0.7935,0.7623,1986,748
Kidney,Neoplastic,Weighted_Ensemble,0.8665,0.8361,0.8992,0.7989,1986,748
Kidney,Neoplastic,XGBoost,0.8614,0.8467,0.8766,0.7952,1986,748
Liver,Connective,Decision_Tree,0.4966,0.4832,0.5106,0.7187,702,1889
Liver,Connective,Gradient_Boosting,0.5668,0.6604,0.4965,0.7938,702,1889
Liver,Connective,LightGBM,0.5806,0.587,0.5745,0.7746,702,1889
Liver,Connective,Logistic_Regression,0.6038,0.5424,0.6809,0.7572,702,1889
Liver,Connective,Random_Forest,0.5514,0.6569,0.4752,0.79,702,1889
Liver,Connective,SVM,0.6074,0.5351,0.7021,0.7534,702,1889
Liver,Connective,Weighted_Ensemble,0.5725,0.6016,0.5461,0.7784,702,1889
Liver,Connective,XGBoost,0.5993,0.6103,0.5887,0.7861,702,1889
Liver,Dead,Decision_Tree,0.0,0.0,0.0,1.0,0,2591
Liver,Dead,LightGBM,0.0,0.0,0.0,1.0,0,2591
Liver,Dead,Random_Forest,0.0,0.0,0.0,1.0,0,2591
Liver,Epithelial,Decision_Tree,0.5848,0.6,0.5704,0.7784,707,1884
Liver,Epithelial,Gradient_Boosting,0.6478,0.7619,0.5634,0.8324,707,1884
Liver,Epithelial,LightGBM,0.7246,0.7463,0.7042,0.8536,707,1884
Liver,Epithelial,Logistic_Regression,0.6217,0.5327,0.7465,0.7514,707,1884
Liver,Epithelial,Random_Forest,0.6805,0.8283,0.5775,0.8516,707,1884
Liver,Epithelial,SVM,0.6724,0.5646,0.831,0.7784,707,1884
Liver,Epithelial,Weighted_Ensemble,0.7116,0.76,0.669,0.8516,707,1884
Liver,Epithelial,XGBoost,0.6917,0.7419,0.6479,0.842,707,1884
Liver,Inflammatory,Decision_Tree,0.2192,0.2353,0.2051,0.8902,194,2397
Liver,Inflammatory,Gradient_Boosting,0.1569,0.3333,0.1026,0.9171,194,2397
Liver,Inflammatory,LightGBM,0.2121,0.2593,0.1795,0.8998,194,2397
Liver,Inflammatory,Logistic_Regression,0.359,0.2393,0.7179,0.8073,194,2397
Liver,Inflammatory,Random_Forest,0.1364,0.6,0.0769,0.9268,194,2397
Liver,Inflammatory,SVM,0.3636,0.2581,0.6154,0.8382,194,2397
Liver,Inflammatory,Weighted_Ensemble,0.2785,0.275,0.2821,0.8902,194,2397
Liver,Inflammatory,XGBoost,0.2857,0.3226,0.2564,0.9037,194,2397
Liver,Neoplastic,Decision_Tree,0.6334,0.6256,0.6414,0.7168,988,1603
Liver,Neoplastic,Gradient_Boosting,0.7011,0.7588,0.6515,0.7881,988,1603
Liver,Neoplastic,LightGBM,0.7139,0.7157,0.7121,0.7823,988,1603
Liver,Neoplastic,Logistic_Regression,0.6874,0.6516,0.7273,0.7476,988,1603
Liver,Neoplastic,Random_Forest,0.6975,0.7574,0.6465,0.7861,988,1603
Liver,Neoplastic,SVM,0.7299,0.7042,0.7576,0.7861,988,1603
Liver,Neoplastic,Weighted_Ensemble,0.7183,0.7354,0.702,0.79,988,1603
Liver,Neoplastic,XGBoost,0.7154,0.7136,0.7172,0.7823,988,1603
Lung,Connective,Decision_Tree,0.3558,0.3548,0.3568,0.7408,924,3685
Lung,Connective,Gradient_Boosting,0.2975,0.6316,0.1946,0.8156,924,3685
Lung,Connective,LightGBM,0.4472,0.4099,0.4919,0.756,924,3685
Lung,Connective,Logistic_Regression,0.455,0.3377,0.6973,0.6649,924,3685
Lung,Connective,Random_Forest,0.2783,0.7111,0.173,0.82,924,3685
Lung,Connective,SVM,0.4764,0.3589,0.7081,0.6876,924,3685
Lung,Connective,Weighted_Ensemble,0.4587,0.4526,0.4649,0.7798,924,3685
Lung,Connective,XGBoost,0.3727,0.438,0.3243,0.7809,924,3685
Lung,Dead,Decision_Tree,0.598,0.6016,0.5944,0.7842,1245,3364
Lung,Dead,Gradient_Boosting,0.6566,0.7103,0.6104,0.8275,1245,3364
Lung,Dead,LightGBM,0.6789,0.625,0.743,0.8102,1245,3364
Lung,Dead,Logistic_Regression,0.6605,0.5363,0.8594,0.7614,1245,3364
Lung,Dead,Random_Forest,0.6475,0.7228,0.5863,0.8275,1245,3364
Lung,Dead,SVM,0.6698,0.5455,0.8675,0.769,1245,3364
Lung,Dead,Weighted_Ensemble,0.6897,0.6593,0.7229,0.8243,1245,3364
Lung,Dead,XGBoost,0.668,0.6576,0.6787,0.8178,1245,3364
Lung,Epithelial,Decision_Tree,0.0,0.0,0.0,1.0,0,4609
Lung,Epithelial,LightGBM,0.0,0.0,0.0,1.0,0,4609
Lung,Epithelial,Random_Forest,0.0,0.0,0.0,1.0,0,4609
Lung,Inflammatory,Decision_Tree,0.1408,0.1429,0.1389,0.9338,178,4431
Lung,Inflammatory,Gradient_Boosting,0.16,0.2857,0.1111,0.9544,178,4431
Lung,Inflammatory,LightGBM,0.2222,0.3333,0.1667,0.9544,178,4431
Lung,Inflammatory,Logistic_Regression,0.2197,0.1272,0.8056,0.7766,178,4431
Lung,Inflammatory,Random_Forest,0.1,0.5,0.0556,0.961,178,4431
Lung,Inflammatory,SVM,0.2115,0.1279,0.6111,0.8221,178,4431
Lung,Inflammatory,Weighted_Ensemble,0.2188,0.25,0.1944,0.9458,178,4431
Lung,Inflammatory,XGBoost,0.2034,0.2609,0.1667,0.949,178,4431
Lung,Neoplastic,Decision_Tree,0.6674,0.6734,0.6615,0.6768,2262,2347
Lung,Neoplastic,Gradient_Boosting,0.7414,0.7439,0.7389,0.7473,2262,2347
Lung,Neoplastic,LightGBM,0.7651,0.7738,0.7566,0.7722,2262,2347
Lung,Neoplastic,Logistic_Regression,0.7289,0.7512,0.708,0.7419,2262,2347
Lung,Neoplastic,Random_Forest,0.7592,0.7617,0.7566,0.7646,2262,2347
Lung,Neoplastic,SVM,0.7416,0.7466,0.7367,0.7484,2262,2347
Lung,Neoplastic,Weighted_Ensemble,0.7623,0.7727,0.7522,0.7701,2262,2347
Lung,Neoplastic,XGBoost,0.747,0.7461,0.7478,0.7516,2262,2347
Ovarian,Connective,Decision_Tree,0.5914,0.6096,0.5742,0.6894,773,1205
Ovarian,Connective,Gradient_Boosting,0.7533,0.7793,0.729,0.8131,773,1205
Ovarian,Connective,LightGBM,0.7101,0.7171,0.7032,0.7753,773,1205
Ovarian,Connective,Logistic_Regression,0.7069,0.6648,0.7548,0.7551,773,1205
Ovarian,Connective,Random_Forest,0.7092,0.7874,0.6452,0.7929,773,1205
Ovarian,Connective,SVM,0.7683,0.7043,0.8452,0.8005,773,1205
Ovarian,Connective,Weighted_Ensemble,0.74,0.7655,0.7161,0.803,773,1205
Ovarian,Connective,XGBoost,0.7248,0.7552,0.6968,0.7929,773,1205
Ovarian,Dead,Decision_Tree,0.0,0.0,0.0,1.0,0,1978
Ovarian,Dead,LightGBM,0.0,0.0,0.0,1.0,0,1978
Ovarian,Dead,Random_Forest,0.0,0.0,0.0,1.0,0,1978
Ovarian,Epithelial,Decision_Tree,0.4828,0.4828,0.4828,0.9242,147,1831
Ovarian,Epithelial,Gradient_Boosting,0.5217,0.7059,0.4138,0.9444,147,1831
Ovarian,Epithelial,LightGBM,0.4746,0.4667,0.4828,0.9217,147,1831
Ovarian,Epithelial,Logistic_Regression,0.3425,0.2137,0.8621,0.7576,147,1831
Ovarian,Epithelial,Random_Forest,0.4255,0.5556,0.3448,0.9318,147,1831
Ovarian,Epithelial,SVM,0.3704,0.2358,0.8621,0.7854,147,1831
Ovarian,Epithelial,Weighted_Ensemble,0.5161,0.4848,0.5517,0.9242,147,1831
Ovarian,Epithelial,XGBoost,0.5231,0.4722,0.5862,0.9217,147,1831
Ovarian,Inflammatory,Decision_Tree,0.4068,0.4138,0.4,0.9116,150,1828
Ovarian,Inflammatory,Gradient_Boosting,0.2857,0.5,0.2,0.9242,150,1828
Ovarian,Inflammatory,LightGBM,0.4528,0.5217,0.4,0.9268,150,1828
Ovarian,Inflammatory,Logistic_Regression,0.3415,0.2258,0.7,0.7955,150,1828
Ovarian,Inflammatory,Random_Forest,0.381,0.6667,0.2667,0.9343,150,1828
Ovarian,Inflammatory,SVM,0.3577,0.2366,0.7333,0.8005,150,1828
Ovarian,Inflammatory,Weighted_Ensemble,0.4643,0.5,0.4333,0.9242,150,1828
Ovarian,Inflammatory,XGBoost,0.4561,0.4815,0.4333,0.9217,150,1828
Ovarian,Neoplastic,Decision_Tree,0.7655,0.7513,0.7802,0.7803,908,1070
Ovarian,Neoplastic,Gradient_Boosting,0.808,0.8443,0.7747,0.8308,908,1070
Ovarian,Neoplastic,LightGBM,0.8385,0.8655,0.8132,0.8561,908,1070
Ovarian,Neoplastic,Logistic_Regression,0.7765,0.7898,0.7637,0.798,908,1070
Ovarian,Neoplastic,Random_Forest,0.8304,0.8875,0.7802,0.8535,908,1070
Ovarian,Neoplastic,SVM,0.794,0.8693,0.7308,0.8258,908,1070
Ovarian,Neoplastic,Weighted_Ensemble,0.8256,0.8765,0.7802,0.8485,908,1070
Ovarian,Neoplastic,XGBoost,0.8367,0.8743,0.8022,0.8561,908,1070
Pancreatic,Connective,Decision_Tree,0.6541,0.6716,0.6374,0.6383,1765,1525
Pancreatic,Connective,Gradient_Boosting,0.742,0.7308,0.7535,0.7188,1765,1525
Pancreatic,Connective,LightGBM,0.7209,0.7403,0.7025,0.7082,1765,1525
Pancreatic,Connective,Logistic_Regression,0.7318,0.7538,0.711,0.7204,1765,1525
Pancreatic,Connective,Random_Forest,0.7405,0.7333,0.7479,0.7188,1765,1525
Pancreatic,Connective,SVM,0.7546,0.7557,0.7535,0.7371,1765,1525
Pancreatic,Connective,Weighted_Ensemble,0.7443,0.7464,0.7422,0.7264,1765,1525
Pancreatic,Connective,XGBoost,0.7383,0.7373,0.7394,0.7188,1765,1525
Pancreatic,Dead,Decision_Tree,0.0,0.0,0.0,1.0,0,3290
Pancreatic,Dead,LightGBM,0.0,0.0,0.0,1.0,0,3290
Pancreatic,Dead,Random_Forest,0.0,0.0,0.0,1.0,0,3290
Pancreatic,Epithelial,Decision_Tree,0.1698,0.1837,0.1579,0.8663,284,3006
Pancreatic,Epithelial,Gradient_Boosting,0.0333,0.3333,0.0175,0.9119,284,3006
Pancreatic,Epithelial,LightGBM,0.4124,0.5,0.3509,0.9134,284,3006
Pancreatic,Epithelial,Logistic_Regression,0.2587,0.1577,0.7193,0.6429,284,3006
Pancreatic,Epithelial,Random_Forest,0.0952,0.5,0.0526,0.9134,284,3006
Pancreatic,Epithelial,SVM,0.3388,0.2216,0.7193,0.7568,284,3006
Pancreatic,Epithelial,Weighted_Ensemble,0.4112,0.44,0.386,0.9043,284,3006
Pancreatic,Epithelial,XGBoost,0.3333,0.4103,0.2807,0.9027,284,3006
Pancreatic,Inflammatory,Decision_Tree,0.438,0.4417,0.4344,0.7933,612,2678
Pancreatic,Inflammatory,Gradient_Boosting,0.5348,0.7692,0.4098,0.8678,612,2678
Pancreatic,Inflammatory,LightGBM,0.608,0.5938,0.623,0.8511,612,2678
Pancreatic,Inflammatory,Logistic_Regression,0.5444,0.4259,0.7541,0.766,612,2678
Pancreatic,Inflammatory,Random_Forest,0.5326,0.7903,0.4016,0.8693,612,2678
Pancreatic,Inflammatory,SVM,0.5845,0.4493,0.8361,0.7796,612,2678
Pancreatic,Inflammatory,Weighted_Ensemble,0.6061,0.6422,0.5738,0.8617,612,2678
Pancreatic,Inflammatory,XGBoost,0.6076,0.6261,0.5902,0.8587,612,2678
Pancreatic,Neoplastic,Decision_Tree,0.4138,0.4,0.4286,0.7675,629,2661
Pancreatic,Neoplastic,Gradient_Boosting,0.383,0.5806,0.2857,0.8237,629,2661
Pancreatic,Neoplastic,LightGBM,0.498,0.5126,0.4841,0.8131,629,2661
Pancreatic,Neoplastic,Logistic_Regression,0.5347,0.3954,0.8254,0.7249,629,2661
Pancreatic,Neoplastic,Random_Forest,0.3152,0.6667,0.2063,0.8283,629,2661
Pancreatic,Neoplastic,SVM,0.5376,0.4065,0.7937,0.7386,629,2661
Pancreatic,Neoplastic,Weighted_Ensemble,0.4912,0.549,0.4444,0.8237,629,2661
Pancreatic,Neoplastic,XGBoost,0.4843,0.5567,0.4286,0.8252,629,2661
Prostate,Connective,Decision_Tree,0.5474,0.5725,0.5245,0.7116,714,1436
Prostate,Connective,Gradient_Boosting,0.6619,0.6815,0.6434,0.7814,714,1436
Prostate,Connective,LightGBM,0.6887,0.6541,0.7273,0.7814,714,1436
Prostate,Connective,Logistic_Regression,0.694,0.6322,0.7692,0.7744,714,1436
Prostate,Connective,Random_Forest,0.6766,0.7222,0.6364,0.7977,714,1436
Prostate,Connective,SVM,0.6873,0.6167,0.7762,0.7651,714,1436
Prostate,Connective,Weighted_Ensemble,0.6846,0.6581,0.7133,0.7814,714,1436
Prostate,Connective,XGBoost,0.6957,0.6667,0.7273,0.7884,714,1436
Prostate,Dead,Decision_Tree,0.0,0.0,0.0,1.0,0,2150
Prostate,Dead,LightGBM,0.0,0.0,0.0,1.0,0,2150
Prostate,Dead,Random_Forest,0.0,0.0,0.0,1.0,0,2150
Prostate,Epithelial,Decision_Tree,0.3218,0.3111,0.3333,0.8628,210,1940
Prostate,Epithelial,Gradient_Boosting,0.2623,0.4211,0.1905,0.8953,210,1940
Prostate,Epithelial,LightGBM,0.3377,0.3714,0.3095,0.8814,210,1940
Prostate,Epithelial,Logistic_Regression,0.3771,0.2481,0.7857,0.7465,210,1940
Prostate,Epithelial,Random_Forest,0.1852,0.4167,0.119,0.8977,210,1940
Prostate,Epithelial,SVM,0.3879,0.2602,0.7619,0.7651,210,1940
Prostate,Epithelial,Weighted_Ensemble,0.3377,0.3714,0.3095,0.8814,210,1940
Prostate,Epithelial,XGBoost,0.3333,0.4,0.2857,0.8884,210,1940
Prostate,Inflammatory,Decision_Tree,0.0,0.0,0.0,0.9814,26,2124
Prostate,Inflammatory,Gradient_Boosting,0.0,0.0,0.0,0.9884,26,2124
Prostate,Inflammatory,LightGBM,0.0,0.0,0.0,0.986,26,2124
Prostate,Inflammatory,Logistic_Regression,0.1333,0.0714,1.0,0.8488,26,2124
Prostate,Inflammatory,Random_Forest,0.0,0.0,0.0,0.9884,26,2124
Prostate,Inflammatory,SVM,0.0645,0.0385,0.2,0.9326,26,2124
Prostate,Inflammatory,Weighted_Ensemble,0.2857,0.5,0.2,0.9884,26,2124
Prostate,Inflammatory,XGBoost,0.2857,0.5,0.2,0.9884,26,2124
Prostate,Neoplastic,Decision_Tree,0.7564,0.7763,0.7375,0.7349,1200,950
Prostate,Neoplastic,Gradient_Boosting,0.8361,0.8432,0.8292,0.8186,1200,950
Prostate,Neoplastic,LightGBM,0.8361,0.8432,0.8292,0.8186,1200,950
Prostate,Neoplastic,Logistic_Regression,0.8026,0.8274,0.7792,0.786,1200,950
Prostate,Neoplastic,Random_Forest,0.8326,0.8361,0.8292,0.814,1200,950
Prostate,Neoplastic,SVM,0.8052,0.8378,0.775,0.7907,1200,950
Prostate,Neoplastic,Weighted_Ensemble,0.8386,0.8439,0.8333,0.8209,1200,950
Prostate,Neoplastic,XGBoost,0.8203,0.8326,0.8083,0.8023,1200,950
Skin,Connective,Decision_Tree,0.3415,0.3551,0.3289,0.8041,745,4078
Skin,Connective,Gradient_Boosting,0.3487,0.7391,0.2282,0.8684,745,4078
Skin,Connective,LightGBM,0.4714,0.473,0.4698,0.8373,745,4078
Skin,Connective,Logistic_Regression,0.387,0.2708,0.6779,0.6684,745,4078
Skin,Connective,Random_Forest,0.2811,0.7222,0.1745,0.8622,745,4078
Skin,Connective,SVM,0.4395,0.33,0.6577,0.7409,745,4078
Skin,Connective,Weighted_Ensemble,0.456,0.5644,0.3826,0.8591,745,4078
Skin,Connective,XGBoost,0.4496,0.5321,0.3893,0.8528,745,4078
Skin,Dead,Decision_Tree,0.0,0.0,0.0,1.0,0,4823
Skin,Dead,LightGBM,0.0,0.0,0.0,1.0,0,4823
Skin,Dead,Random_Forest,0.0,0.0,0.0,1.0,0,4823
Skin,Epithelial,Decision_Tree,0.3789,0.383,0.375,0.9389,240,4583
Skin,Epithelial,Gradient_Boosting,0.3429,0.5455,0.25,0.9523,240,4583
Skin,Epithelial,LightGBM,0.4,0.5,0.3333,0.9503,240,4583
Skin,Epithelial,Logistic_Regression,0.1677,0.0979,0.5833,0.7119,240,4583
Skin,Epithelial,Random_Forest,0.3103,0.9,0.1875,0.9585,240,4583
Skin,Epithelial,SVM,0.275,0.1719,0.6875,0.8197,240,4583
Skin,Epithelial,Weighted_Ensemble,0.411,0.6,0.3125,0.9554,240,4583
Skin,Epithelial,XGBoost,0.4058,0.6667,0.2917,0.9575,240,4583
Skin,Inflammatory,Decision_Tree,0.6749,0.6604,0.6901,0.7554,1774,3049
Skin,Inflammatory,Gradient_Boosting,0.7343,0.7449,0.7239,0.8073,1774,3049
Skin,Inflammatory,LightGBM,0.7788,0.735,0.8282,0.8269,1774,3049
Skin,Inflammatory,Logistic_Regression,0.71,0.6382,0.8,0.7596,1774,3049
Skin,Inflammatory,Random_Forest,0.7402,0.798,0.6901,0.8218,1774,3049
Skin,Inflammatory,SVM,0.7677,0.6957,0.8563,0.8093,1774,3049
Skin,Inflammatory,Weighted_Ensemble,0.7684,0.7441,0.7944,0.8238,1774,3049
Skin,Inflammatory,XGBoost,0.7353,0.7166,0.7549,0.8,1774,3049
Skin,Neoplastic,Decision_Tree,0.7128,0.7019,0.724,0.7503,2064,2759
Skin,Neoplastic,Gradient_Boosting,0.7625,0.7881,0.7385,0.8031,2064,2759
Skin,Neoplastic,LightGBM,0.7943,0.7849,0.8039,0.8218,2064,2759
Skin,Neoplastic,Logistic_Regression,0.7474,0.7078,0.7918,0.771,2064,2759
Skin,Neoplastic,Random_Forest,0.7825,0.8088,0.7579,0.8197,2064,2759
Skin,Neoplastic,SVM,0.808,0.7867,0.8305,0.8311,2064,2759
Skin,Neoplastic,Weighted_Ensemble,0.801,0.7981,0.8039,0.829,2064,2759
Skin,Neoplastic,XGBoost,0.7833,0.7705,0.7966,0.8114,2064,2759
Stomach,Connective,Decision_Tree,0.4527,0.4527,0.4527,0.7492,740,2489
Stomach,Connective,Gradient_Boosting,0.4872,0.6628,0.3851,0.8142,740,2489
Stomach,Connective,LightGBM,0.5744,0.5887,0.5608,0.8096,740,2489
Stomach,Connective,Logistic_Regression,0.5806,0.513,0.6689,0.7786,740,2489
Stomach,Connective,Random_Forest,0.4673,0.7576,0.3378,0.8235,740,2489
Stomach,Connective,SVM,0.5924,0.5233,0.6824,0.7848,740,2489
Stomach,Connective,Weighted_Ensemble,0.567,0.6549,0.5,0.8251,740,2489
Stomach,Connective,XGBoost,0.5348,0.584,0.4932,0.8034,740,2489
Stomach,Dead,Decision_Tree,0.0606,0.0625,0.0588,0.952,84,3145
Stomach,Dead,Gradient_Boosting,0.0909,0.2,0.0588,0.969,84,3145
Stomach,Dead,LightGBM,0.0909,0.2,0.0588,0.969,84,3145
Stomach,Dead,Logistic_Regression,0.1226,0.0667,0.7647,0.7121,84,3145
Stomach,Dead,Random_Forest,0.0,0.0,0.0,0.9737,84,3145
Stomach,Dead,SVM,0.1227,0.0685,0.5882,0.7786,84,3145
Stomach,Dead,Weighted_Ensemble,0.125,0.1333,0.1176,0.9567,84,3145
Stomach,Dead,XGBoost,0.1,0.3333,0.0588,0.9721,84,3145
Stomach,Epithelial,Decision_Tree,0.0,0.0,0.0,1.0,0,3229
Stomach,Epithelial,LightGBM,0.0,0.0,0.0,1.0,0,3229
Stomach,Epithelial,Random_Forest,0.0,0.0,0.0,1.0,0,3229
Stomach,Inflammatory,Decision_Tree,0.6693,0.6772,0.6615,0.7368,1300,1929
Stomach,Inflammatory,Gradient_Boosting,0.7543,0.7472,0.7615,0.8003,1300,1929
Stomach,Inflammatory,LightGBM,0.7626,0.7418,0.7846,0.8034,1300,1929
Stomach,Inflammatory,Logistic_Regression,0.7627,0.7023,0.8346,0.791,1300,1929
Stomach,Inflammatory,Random_Forest,0.7505,0.7671,0.7346,0.8034,1300,1929
Stomach,Inflammatory,SVM,0.7578,0.6887,0.8423,0.7833,1300,1929
Stomach,Inflammatory,Weighted_Ensemble,0.777,0.7518,0.8038,0.8142,1300,1929
Stomach,Inflammatory,XGBoost,0.7417,0.749,0.7346,0.7941,1300,1929
Stomach,Neoplastic,Decision_Tree,0.6078,0.5802,0.638,0.7183,1105,2124
Stomach,Neoplastic,Gradient_Boosting,0.665,0.743,0.6018,0.7926,1105,2124
Stomach,Neoplastic,LightGBM,0.6851,0.6963,0.6742,0.7879,1105,2124
Stomach,Neoplastic,Logistic_Regression,0.6518,0.6432,0.6606,0.7585,1105,2124
Stomach,Neoplastic,Random_Forest,0.6499,0.733,0.5837,0.7848,1105,2124
Stomach,Neoplastic,SVM,0.7041,0.6736,0.7376,0.7879,1105,2124
Stomach,Neoplastic,Weighted_Ensemble,0.6793,0.715,0.6471,0.791,1105,2124
Stomach,Neoplastic,XGBoost,0.6559,0.6698,0.6425,0.7693,1105,2124
Testis,Connective,Decision_Tree,0.4154,0.4217,0.4094,0.6733,855,2160
Testis,Connective,Gradient_Boosting,0.5338,0.6818,0.4386,0.7828,855,2160
Testis,Connective,LightGBM,0.5562,0.5629,0.5497,0.7512,855,2160
Testis,Connective,Logistic_Regression,0.549,0.4726,0.655,0.6949,855,2160
Testis,Connective,Random_Forest,0.5166,0.7,0.4094,0.7828,855,2160
Testis,Connective,SVM,0.5469,0.493,0.614,0.7114,855,2160
Testis,Connective,Weighted_Ensemble,0.5517,0.5946,0.5146,0.7629,855,2160
Testis,Connective,XGBoost,0.5078,0.5473,0.4737,0.7396,855,2160
Testis,Dead,Decision_Tree,0.0,0.0,0.0,1.0,0,3015
Testis,Dead,LightGBM,0.0,0.0,0.0,1.0,0,3015
Testis,Dead,Random_Forest,0.0,0.0,0.0,1.0,0,3015
Testis,Epithelial,Decision_Tree,0.5823,0.6053,0.561,0.8905,408,2607
Testis,Epithelial,Gradient_Boosting,0.6207,0.7143,0.5488,0.9088,408,2607
Testis,Epithelial,LightGBM,0.6296,0.6375,0.622,0.9005,408,2607
Testis,Epithelial,Logistic_Regression,0.5607,0.4268,0.8171,0.8259,408,2607
Testis,Epithelial,Random_Forest,0.5802,0.7755,0.4634,0.9088,408,2607
Testis,Epithelial,SVM,0.5909,0.471,0.7927,0.8507,408,2607
Testis,Epithelial,Weighted_Ensemble,0.6667,0.6883,0.6463,0.9121,408,2607
Testis,Epithelial,XGBoost,0.6164,0.6364,0.5976,0.8988,408,2607
Testis,Inflammatory,Decision_Tree,0.5072,0.4944,0.5207,0.7164,845,2170
Testis,Inflammatory,Gradient_Boosting,0.6748,0.7006,0.6509,0.8242,845,2170
Testis,Inflammatory,LightGBM,0.7036,0.6615,0.7515,0.8226,845,2170
Testis,Inflammatory,Logistic_Regression,0.6633,0.5733,0.787,0.7761,845,2170
Testis,Inflammatory,Random_Forest,0.6424,0.7293,0.574,0.8209,845,2170
Testis,Inflammatory,SVM,0.6978,0.5966,0.8402,0.796,845,2170
Testis,Inflammatory,Weighted_Ensemble,0.7032,0.6854,0.7219,0.8292,845,2170
Testis,Inflammatory,XGBoost,0.659,0.6441,0.6746,0.8043,845,2170
Testis,Neoplastic,Decision_Tree,0.5552,0.5698,0.5414,0.7396,907,2108
Testis,Neoplastic,Gradient_Boosting,0.6797,0.832,0.5746,0.8375,907,2108
Testis,Neoplastic,LightGBM,0.7011,0.7305,0.674,0.8275,907,2108
Testis,Neoplastic,Logistic_Regression,0.6667,0.6396,0.6961,0.791,907,2108
Testis,Neoplastic,Random_Forest,0.6327,0.823,0.5138,0.8209,907,2108
Testis,Neoplastic,SVM,0.6914,0.716,0.6685,0.8209,907,2108
Testis,Neoplastic,Weighted_Ensemble,0.704,0.8071,0.6243,0.8425,907,2108
Testis,Neoplastic,XGBoost,0.6982,0.7516,0.6519,0.8308,907,2108
Thyroid,Connective,Decision_Tree,0.4964,0.4904,0.5025,0.6688,1013,2110
Thyroid,Connective,Gradient_Boosting,0.5115,0.6138,0.4384,0.728,1013,2110
Thyroid,Connective,LightGBM,0.5714,0.5619,0.5813,0.7168,1013,2110
Thyroid,Connective,Logistic_Regression,0.6379,0.567,0.7291,0.7312,1013,2110
Thyroid,Connective,Random_Forest,0.4841,0.6847,0.3744,0.7408,1013,2110
Thyroid,Connective,SVM,0.61,0.5469,0.6897,0.7136,1013,2110
Thyroid,Connective,Weighted_Ensemble,0.5604,0.586,0.5369,0.7264,1013,2110
Thyroid,Connective,XGBoost,0.5357,0.5556,0.5172,0.7088,1013,2110
Thyroid,Dead,Decision_Tree,0.0,0.0,0.0,1.0,2,3121
Thyroid,Dead,Gradient_Boosting,0.0,0.0,0.0,1.0,2,3121
Thyroid,Dead,LightGBM,0.0,0.0,0.0,1.0,2,3121
Thyroid,Dead,Logistic_Regression,0.0,0.0,0.0,0.9984,2,3121
Thyroid,Dead,Random_Forest,0.0,0.0,0.0,1.0,2,3121
Thyroid,Dead,SVM,0.0,0.0,0.0,1.0,2,3121
Thyroid,Dead,Weighted_Ensemble,0.0,0.0,0.0,1.0,2,3121
Thyroid,Dead,XGBoost,0.0,0.0,0.0,1.0,2,3121
Thyroid,Epithelial,Decision_Tree,0.4052,0.4194,0.392,0.6336,993,2130
Thyroid,Epithelial,Gradient_Boosting,0.4467,0.6634,0.3367,0.7344,993,2130
Thyroid,Epithelial,LightGBM,0.5245,0.512,0.5377,0.6896,993,2130
Thyroid,Epithelial,Logistic_Regression,0.5228,0.4452,0.6332,0.632,993,2130
Thyroid,Epithelial,Random_Forest,0.4536,0.7174,0.3317,0.7456,993,2130
Thyroid,Epithelial,SVM,0.5398,0.4822,0.6131,0.6672,993,2130
Thyroid,Epithelial,Weighted_Ensemble,0.5251,0.5912,0.4724,0.728,993,2130
Thyroid,Epithelial,XGBoost,0.516,0.548,0.4874,0.7088,993,2130
Thyroid,Inflammatory,Decision_Tree,0.4368,0.427,0.4471,0.8432,423,2700
Thyroid,Inflammatory,Gradient_Boosting,0.4966,0.6,0.4235,0.8832,423,2700
Thyroid,Inflammatory,LightGBM,0.5385,0.5052,0.5765,0.8656,423,2700
Thyroid,Inflammatory,Logistic_Regression,0.4781,0.3349,0.8353,0.752,423,2700
Thyroid,Inflammatory,Random_Forest,0.4559,0.6078,0.3647,0.8816,423,2700
Thyroid,Inflammatory,SVM,0.4962,0.3646,0.7765,0.7856,423,2700
Thyroid,Inflammatory,Weighted_Ensemble,0.5402,0.5281,0.5529,0.872,423,2700
Thyroid,Inflammatory,XGBoost,0.538,0.5349,0.5412,0.8736,423,2700
Thyroid,Neoplastic,Decision_Tree,0.4542,0.4593,0.4493,0.7616,692,2431
Thyroid,Neoplastic,Gradient_Boosting,0.4601,0.6533,0.3551,0.816,692,2431
Thyroid,Neoplastic,LightGBM,0.5323,0.56,0.5072,0.8032,692,2431
Thyroid,Neoplastic,Logistic_Regression,0.489,0.3938,0.6449,0.7024,692,2431
Thyroid,Neoplastic,Random_Forest,0.4455,0.7031,0.3261,0.8208,692,2431
Thyroid,Neoplastic,SVM,0.5273,0.4531,0.6304,0.7504,692,2431
Thyroid,Neoplastic,Weighted_Ensemble,0.5635,0.6228,0.5145,0.824,692,2431
Thyroid,Neoplastic,XGBoost,0.4959,0.5769,0.4348,0.8048,692,2431
Uterus,Connective,Decision_Tree,0.407,0.4268,0.3889,0.6264,450,912
Uterus,Connective,Gradient_Boosting,0.4552,0.6,0.3667,0.7106,450,912
Uterus,Connective,LightGBM,0.5301,0.5789,0.4889,0.7143,450,912
Uterus,Connective,Logistic_Regression,0.5782,0.5041,0.6778,0.674,450,912
Uterus,Connective,Random_Forest,0.4,0.56,0.3111,0.6923,450,912
Uterus,Connective,SVM,0.5588,0.5,0.6333,0.6703,450,912
Uterus,Connective,Weighted_Ensemble,0.5276,0.589,0.4778,0.7179,450,912
Uterus,Connective,XGBoost,0.5062,0.5694,0.4556,0.707,450,912
Uterus,Dead,Decision_Tree,0.0,0.0,0.0,0.9963,3,1359
Uterus,Dead,Gradient_Boosting,0.0,0.0,0.0,0.9853,3,1359
Uterus,Dead,LightGBM,0.0,0.0,0.0,0.9963,3,1359
Uterus,Dead,Logistic_Regression,0.0,0.0,0.0,0.9817,3,1359
Uterus,Dead,Random_Forest,0.0,0.0,0.0,0.9963,3,1359
Uterus,Dead,SVM,0.0,0.0,0.0,0.9927,3,1359
Uterus,Dead,Weighted_Ensemble,0.0,0.0,0.0,0.9963,3,1359
Uterus,Dead,XGBoost,0.0,0.0,0.0,0.9963,3,1359
Uterus,Epithelial,Decision_Tree,0.1333,0.125,0.1429,0.9524,33,1329
Uterus,Epithelial,Gradient_Boosting,0.0,0.0,0.0,0.9744,33,1329
Uterus,Epithelial,LightGBM,0.2,0.3333,0.1429,0.9707,33,1329
Uterus,Epithelial,Logistic_Regression,0.1818,0.1017,0.8571,0.8022,33,1329
Uterus,Epithelial,Random_Forest,0.25,1.0,0.1429,0.978,33,1329
Uterus,Epithelial,SVM,0.2051,0.125,0.5714,0.8864,33,1329
Uterus,Epithelial,Weighted_Ensemble,0.2,0.3333,0.1429,0.9707,33,1329
Uterus,Epithelial,XGBoost,0.1818,0.25,0.1429,0.967,33,1329
Uterus,Inflammatory,Decision_Tree,0.7054,0.6991,0.7117,0.7582,555,807
Uterus,Inflammatory,Gradient_Boosting,0.7521,0.7154,0.7928,0.7875,555,807
Uterus,Inflammatory,LightGBM,0.7554,0.7213,0.7928,0.7912,555,807
Uterus,Inflammatory,Logistic_Regression,0.7819,0.7197,0.8559,0.8059,555,807
Uterus,Inflammatory,Random_Forest,0.7644,0.7544,0.7748,0.8059,555,807
Uterus,Inflammatory,SVM,0.7742,0.7007,0.8649,0.7949,555,807
Uterus,Inflammatory,Weighted_Ensemble,0.7607,0.7236,0.8018,0.7949,555,807
Uterus,Inflammatory,XGBoost,0.7598,0.7373,0.7838,0.7985,555,807
Uterus,Neoplastic,Decision_Tree,0.5,0.5357,0.4688,0.7802,321,1041
Uterus,Neoplastic,Gradient_Boosting,0.7603,0.807,0.7188,0.8938,321,1041
Uterus,Neoplastic,LightGBM,0.7597,0.7538,0.7656,0.8864,321,1041
Uterus,Neoplastic,Logistic_Regression,0.7273,0.6222,0.875,0.8462,321,1041
Uterus,Neoplastic,Random_Forest,0.7069,0.7885,0.6406,0.8755,321,1041
Uterus,Neoplastic,SVM,0.7125,0.5938,0.8906,0.8315,321,1041
Uterus,Neoplastic,Weighted_Ensemble,0.7692,0.7576,0.7812,0.8901,321,1041
Uterus,Neoplastic,XGBoost,0.768,0.7869,0.75,0.8938,321,1041
