Tissue,Model,Top Features
Adrenal_gland,LR,"Shape.HuMoments3, Nucleus.Haralick.Entropy.Mean, Size.Perimeter, Nucleus.Gradient.Canny.Sum, Nucleus.Haralick.Entropy.Range, Nucleus.Haralick.DifferenceVariance.Mean, Shape.WeightedHuMoments2, Shape.FSD5, Size.MinorAxisLength, Size.Area"
Adrenal_gland,DT,"Nucleus.Haralick.DifferenceEntropy.Range, Nucleus.Intensity.Min, Nucleus.Haralick.IMC1.Mean, Shape.Extent, Nucleus.Haralick.SumAverage.Range, Nucleus.Haralick.Entropy.Range, Size.MinorAxisLength, Shape.FSD2, Nucleus.Intensity.MeanMedianDiff, Orientation.Orientation"
Adrenal_gland,RF,"Nucleus.Intensity.Min, Nucleus.Haralick.Entropy.Range, Nucleus.Haralick.SumAverage.Range, Size.MinorAxisLength, Nucleus.Haralick.IMC1.Mean, Nucleus.Haralick.DifferenceEntropy.Range, Nucleus.Haralick.IMC2.Mean, Shape.Extent, Nucleus.Haralick.IMC1.Range, Nucleus.Haralick.IDM.Range"
Adrenal_gland,XGB,"Nucleus.Intensity.Min, Nucleus.Haralick.IMC1.Mean, Size.MinorAxisLength, Nucleus.Haralick.DifferenceEntropy.Range, Nucleus.Haralick.Entropy.Range, Size.MajorAxisLength, Nucleus.Intensity.Median, Nucleus.Haralick.IDM.Mean, Shape.Extent, Nucleus.Haralick.Correlation.Range"
Adrenal_gland,LGBM,"Orientation.Orientation, Shape.Circularity, Nucleus.Gradient.Canny.Mean, Shape.Extent, Nucleus.Haralick.IMC1.Mean, Shape.FSD4, Shape.FSD2, Shape.HuMoments7, Nucleus.Intensity.Min, Nucleus.Intensity.Max"
Adrenal_gland,SVM,"Shape.WeightedHuMoments4, Size.Perimeter, Nucleus.Gradient.Canny.Sum, Shape.HuMoments3, Nucleus.Haralick.Correlation.Range, Nucleus.Intensity.Skewness, Nucleus.Gradient.Mag.HistEntropy, Nucleus.Haralick.Contrast.Range, Nucleus.Intensity.Kurtosis, Shape.FSD5"
Adrenal_gland,GB,"Nucleus.Haralick.IMC1.Mean, Nucleus.Intensity.Min, Nucleus.Haralick.Entropy.Range, Size.MinorAxisLength, Shape.Extent, Nucleus.Haralick.DifferenceEntropy.Range, Nucleus.Haralick.IDM.Mean, Nucleus.Haralick.SumAverage.Range, Size.MajorAxisLength, Nucleus.Gradient.Canny.Mean"
Bile-duct,LR,"Size.Perimeter, Label, Size.MinorAxisLength, Nucleus.Haralick.SumEntropy.Mean, Nucleus.Haralick.DifferenceEntropy.Mean, Shape.MinorMajorAxisRatio, Shape.HuMoments6, Shape.HuMoments1, Identifier.WeightedCentroidY, Size.Area"
Bile-duct,DT,"Nucleus.Haralick.IMC1.Mean, Nucleus.Haralick.Entropy.Range, Nucleus.Haralick.SumAverage.Range, Nucleus.Haralick.DifferenceVariance.Range, Label, Size.MinorAxisLength, Shape.HuMoments1, Orientation.Orientation, Shape.Circularity, Shape.FSD3"
Bile-duct,RF,"Nucleus.Haralick.IMC1.Mean, Nucleus.Haralick.SumAverage.Range, Nucleus.Haralick.IMC2.Mean, Nucleus.Haralick.Entropy.Range, Nucleus.Gradient.Canny.Sum, Size.MinorAxisLength, Nucleus.Haralick.DifferenceVariance.Range, Shape.Circularity, Nucleus.Haralick.IMC1.Range, Nucleus.Haralick.IDM.Range"
Bile-duct,XGB,"Nucleus.Haralick.IMC1.Mean, Nucleus.Haralick.SumAverage.Range, Nucleus.Haralick.DifferenceVariance.Range, Size.MinorAxisLength, Nucleus.Haralick.Entropy.Range, Label, Shape.HuMoments1, Nucleus.Gradient.Canny.Sum, Shape.Extent, Shape.Circularity"
Bile-duct,LGBM,"Nucleus.Haralick.IDM.Range, Label, Nucleus.Haralick.IMC1.Mean, Shape.Extent, Orientation.Orientation, Shape.Solidity, Shape.FSD4, Shape.HuMoments3, Nucleus.Intensity.Max, Nucleus.Haralick.SumAverage.Range"
Bile-duct,SVM,"Shape.EquivalentDiameter, Size.MinorAxisLength, Size.Perimeter, Size.MajorAxisLength, Size.ConvexHullArea, Shape.HuMoments1, Nucleus.Haralick.DifferenceEntropy.Mean, Shape.HuMoments2, Nucleus.Haralick.SumVariance.Range, Nucleus.Haralick.Contrast.Range"
Bile-duct,GB,"Nucleus.Haralick.IMC1.Mean, Nucleus.Haralick.SumAverage.Range, Nucleus.Haralick.Entropy.Range, Nucleus.Haralick.DifferenceVariance.Range, Label, Size.MinorAxisLength, Nucleus.Haralick.IDM.Range, Shape.Extent, Size.MajorAxisLength, Nucleus.Haralick.IDM.Mean"
Bladder,LR,"Nucleus.Gradient.Canny.Sum, Nucleus.Haralick.SumEntropy.Mean, Nucleus.Haralick.SumVariance.Range, Nucleus.Gradient.Mag.Mean, Nucleus.Haralick.DifferenceEntropy.Range, Nucleus.Haralick.Contrast.Range, Nucleus.Haralick.IDM.Mean, Size.Area, Shape.HuMoments3, Nucleus.Haralick.SumAverage.Mean"
Bladder,DT,"Size.MinorAxisLength, Nucleus.Intensity.Min, Shape.Extent, Nucleus.Gradient.Mag.Mean, Orientation.Orientation, Nucleus.Gradient.Mag.HistEnergy, Nucleus.Haralick.SumAverage.Mean, Shape.WeightedHuMoments4, Nucleus.Haralick.Entropy.Range, Nucleus.Intensity.Median"
Bladder,RF,"Size.MinorAxisLength, Shape.EquivalentDiameter, Size.Area, Size.ConvexHullArea, Nucleus.Haralick.DifferenceEntropy.Range, Nucleus.Haralick.Entropy.Range, Shape.Extent, Size.Perimeter, Nucleus.Haralick.IDM.Range, Nucleus.Intensity.Median"
Bladder,XGB,"Size.MinorAxisLength, Shape.Extent, Nucleus.Intensity.Min, Nucleus.Intensity.Mean, Nucleus.Gradient.Canny.Sum, Nucleus.Haralick.Entropy.Range, Shape.WeightedHuMoments4, Shape.HuMoments1, Nucleus.Intensity.Median, Nucleus.Gradient.Mag.Mean"
Bladder,LGBM,"Orientation.Orientation, Nucleus.Haralick.IDM.Range, Nucleus.Haralick.DifferenceVariance.Range, Shape.Solidity, Nucleus.Haralick.SumAverage.Mean, Nucleus.Intensity.Min, Nucleus.Gradient.Mag.HistEnergy, Shape.Extent, Nucleus.Haralick.SumOfSquares.Range, Nucleus.Gradient.Canny.Mean"
Bladder,SVM,"Nucleus.Gradient.Canny.Sum, Nucleus.Gradient.Mag.Mean, Nucleus.Haralick.Contrast.Range, Nucleus.Intensity.Min, Nucleus.Haralick.IDM.Mean, Nucleus.Intensity.HistEntropy, Nucleus.Haralick.Correlation.Mean, Nucleus.Haralick.SumEntropy.Mean, Nucleus.Intensity.Std, Shape.WeightedHuMoments1"
Bladder,GB,"Size.MinorAxisLength, Nucleus.Intensity.Min, Shape.Extent, Nucleus.Haralick.DifferenceEntropy.Range, Orientation.Orientation, Size.MajorAxisLength, Nucleus.Haralick.Entropy.Range, Nucleus.Intensity.Median, Nucleus.Gradient.Mag.Mean, Nucleus.Haralick.Correlation.Range"
Breast,LR,"Size.Area, Identifier.WeightedCentroidY, Nucleus.Haralick.DifferenceVariance.Mean, Shape.WeightedHuMoments1, Shape.HuMoments5, Shape.HuMoments4, Nucleus.Haralick.DifferenceEntropy.Mean, Size.ConvexHullArea, Identifier.WeightedCentroidX, Shape.HuMoments3"
Breast,DT,"Size.MinorAxisLength, Nucleus.Haralick.DifferenceEntropy.Range, Nucleus.Haralick.SumAverage.Range, Shape.Solidity, Label, Nucleus.Haralick.DifferenceVariance.Mean, Nucleus.Gradient.Canny.Sum, Nucleus.Gradient.Canny.Mean, Nucleus.Intensity.Min, Nucleus.Haralick.SumEntropy.Mean"
Breast,RF,"Size.MinorAxisLength, Nucleus.Haralick.DifferenceEntropy.Range, Nucleus.Haralick.SumAverage.Range, Nucleus.Haralick.Entropy.Range, Nucleus.Gradient.Canny.Sum, Shape.Solidity, Nucleus.Haralick.IDM.Range, Nucleus.Gradient.Canny.Mean, Label, Nucleus.Haralick.IMC1.Mean"
Breast,XGB,"Nucleus.Gradient.Canny.Sum, Nucleus.Haralick.DifferenceEntropy.Range, Nucleus.Haralick.SumAverage.Range, Size.MinorAxisLength, Nucleus.Intensity.Median, Nucleus.Haralick.DifferenceVariance.Mean, Label, Nucleus.Gradient.Mag.Mean, Nucleus.Haralick.IDM.Mean, Nucleus.Haralick.SumEntropy.Mean"
Breast,LGBM,"Label, Shape.Solidity, Nucleus.Haralick.SumAverage.Range, Size.MajorAxisLength, Nucleus.Intensity.Min, Nucleus.Haralick.SumAverage.Mean, Shape.Circularity, Nucleus.Gradient.Mag.Kurtosis, Nucleus.Intensity.Median, Nucleus.Haralick.IDM.Range"
Breast,SVM,"Shape.EquivalentDiameter, Size.Area, Size.MajorAxisLength, Shape.HuMoments1, Size.MinorAxisLength, Size.ConvexHullArea, Identifier.WeightedCentroidX, Shape.HuMoments2, Identifier.CentroidX, Identifier.Ymax"
Breast,GB,"Nucleus.Haralick.DifferenceEntropy.Range, Size.MinorAxisLength, Nucleus.Haralick.SumAverage.Range, Nucleus.Gradient.Canny.Sum, Label, Shape.Solidity, Nucleus.Intensity.Median, Nucleus.Haralick.Entropy.Range, Nucleus.Haralick.IMC1.Mean, Nucleus.Gradient.Mag.Mean"
Cervix,LR,"Shape.HuMoments3, Size.Area, Shape.HuMoments4, Nucleus.Gradient.Mag.HistEnergy, Nucleus.Intensity.Mean, Size.Perimeter, Nucleus.Intensity.Median, Nucleus.Gradient.Mag.HistEntropy, Nucleus.Haralick.DifferenceEntropy.Mean, Nucleus.Haralick.SumAverage.Mean"
Cervix,DT,"Nucleus.Intensity.Median, Nucleus.Haralick.IMC1.Mean, Nucleus.Haralick.Entropy.Range, Nucleus.Intensity.IQR, Nucleus.Haralick.SumAverage.Range, Orientation.Orientation, Size.MajorAxisLength, Nucleus.Haralick.DifferenceVariance.Range, Shape.Solidity, Nucleus.Haralick.DifferenceEntropy.Range"
Cervix,RF,"Nucleus.Intensity.Median, Nucleus.Haralick.SumAverage.Range, Nucleus.Intensity.Mean, Nucleus.Haralick.IMC2.Mean, Nucleus.Haralick.Entropy.Range, Nucleus.Intensity.Min, Size.Perimeter, Nucleus.Haralick.IMC1.Mean, Nucleus.Gradient.Canny.Sum, Orientation.Orientation"
Cervix,XGB,"Nucleus.Intensity.Median, Nucleus.Haralick.IMC1.Mean, Nucleus.Haralick.SumAverage.Range, Nucleus.Intensity.Min, Nucleus.Haralick.Entropy.Range, Size.Area, Nucleus.Haralick.IDM.Range, Size.MajorAxisLength, Orientation.Orientation, Nucleus.Gradient.Canny.Sum"
Cervix,LGBM,"Orientation.Orientation, Label, Shape.Solidity, Nucleus.Haralick.DifferenceEntropy.Range, Identifier.Ymax, Shape.FSD4, Nucleus.Haralick.Correlation.Mean, Nucleus.Haralick.DifferenceVariance.Range, Nucleus.Intensity.Min, Shape.FSD1"
Cervix,SVM,"Shape.HuMoments3, Nucleus.Gradient.Mag.HistEnergy, Size.Perimeter, Nucleus.Gradient.Canny.Sum, Nucleus.Haralick.IDM.Mean, Identifier.Xmin, Shape.HuMoments4, Size.MinorAxisLength, Nucleus.Intensity.Mean, Size.MajorAxisLength"
Cervix,GB,"Nucleus.Intensity.Median, Nucleus.Haralick.IMC1.Mean, Nucleus.Haralick.SumAverage.Range, Nucleus.Intensity.Min, Nucleus.Haralick.Entropy.Range, Orientation.Orientation, Size.MajorAxisLength, Nucleus.Gradient.Canny.Sum, Size.MinorAxisLength, Label"
Colon,LR,"Shape.WeightedHuMoments1, Nucleus.Haralick.DifferenceEntropy.Mean, Size.Area, Nucleus.Haralick.SumAverage.Mean, Shape.EquivalentDiameter, Identifier.Ymax, Identifier.CentroidY, Identifier.WeightedCentroidY, Nucleus.Gradient.Canny.Sum, Size.MajorAxisLength"
Colon,DT,"Nucleus.Haralick.Contrast.Mean, Nucleus.Haralick.SumAverage.Range, Nucleus.Haralick.DifferenceEntropy.Range, Size.MinorAxisLength, Nucleus.Haralick.IMC2.Mean, Label, Nucleus.Haralick.SumAverage.Mean, Shape.Extent, Nucleus.Haralick.IDM.Mean, Shape.HuMoments1"
Colon,RF,"Nucleus.Haralick.SumAverage.Range, Nucleus.Haralick.DifferenceVariance.Mean, Nucleus.Haralick.Contrast.Mean, Nucleus.Haralick.IDM.Mean, Nucleus.Haralick.SumOfSquares.Range, Nucleus.Haralick.IMC1.Mean, Nucleus.Haralick.DifferenceEntropy.Mean, Nucleus.Haralick.Contrast.Range, Nucleus.Gradient.Mag.Mean, Nucleus.Haralick.SumVariance.Range"
Colon,XGB,"Nucleus.Haralick.Contrast.Mean, Nucleus.Haralick.DifferenceEntropy.Mean, Nucleus.Haralick.SumAverage.Range, Nucleus.Haralick.IMC1.Mean, Nucleus.Haralick.DifferenceEntropy.Range, Size.MinorAxisLength, Size.Area, Shape.HuMoments1, Nucleus.Haralick.IDM.Range, Nucleus.Haralick.SumOfSquares.Range"
Colon,LGBM,"Label, Nucleus.Haralick.SumAverage.Range, Nucleus.Haralick.IMC1.Mean, Nucleus.Haralick.SumAverage.Mean, Nucleus.Haralick.Correlation.Mean, Shape.Solidity, Nucleus.Intensity.Max, Shape.Extent, Nucleus.Haralick.DifferenceEntropy.Range, Nucleus.Intensity.Min"
Colon,SVM,"Size.Area, Identifier.Ymax, Shape.EquivalentDiameter, Size.MajorAxisLength, Identifier.CentroidY, Nucleus.Haralick.SumAverage.Mean, Nucleus.Haralick.DifferenceEntropy.Mean, Nucleus.Gradient.Canny.Sum, Size.ConvexHullArea, Shape.WeightedHuMoments2"
Colon,GB,"Nucleus.Haralick.Contrast.Mean, Nucleus.Haralick.SumAverage.Range, Nucleus.Haralick.IMC1.Mean, Nucleus.Haralick.DifferenceEntropy.Range, Nucleus.Haralick.SumOfSquares.Range, Size.MinorAxisLength, Label, Nucleus.Haralick.DifferenceVariance.Mean, Shape.Extent, Shape.HuMoments1"
Esophagus,LR,"Size.Area, Nucleus.Haralick.DifferenceVariance.Mean, Nucleus.Haralick.Correlation.Range, Shape.FSD6, Nucleus.Haralick.Contrast.Range, Nucleus.Haralick.SumVariance.Range, Shape.WeightedHuMoments2, Shape.WeightedHuMoments7, Shape.HuMoments3, Nucleus.Haralick.IMC1.Mean"
Esophagus,DT,"Nucleus.Intensity.Mean, Size.MinorAxisLength, Nucleus.Haralick.IDM.Range, Nucleus.Haralick.Entropy.Range, Nucleus.Haralick.IMC1.Mean, Shape.HuMoments3, Nucleus.Haralick.SumAverage.Range, Nucleus.Haralick.IMC1.Range, Shape.WeightedHuMoments1, Nucleus.Gradient.Canny.Mean"
Esophagus,RF,"Nucleus.Intensity.Mean, Size.MinorAxisLength, Shape.WeightedHuMoments1, Nucleus.Intensity.Median, Nucleus.Haralick.DifferenceVariance.Range, Nucleus.Haralick.DifferenceEntropy.Range, Nucleus.Haralick.IDM.Range, Nucleus.Haralick.IMC1.Range, Nucleus.Haralick.ASM.Range, Nucleus.Gradient.Canny.Sum"
Esophagus,XGB,"Nucleus.Intensity.Mean, Size.MinorAxisLength, Shape.WeightedHuMoments1, Nucleus.Haralick.IDM.Range, Nucleus.Haralick.IMC1.Mean, Identifier.WeightedCentroidY, Nucleus.Haralick.IMC1.Range, Nucleus.Haralick.SumAverage.Range, Nucleus.Intensity.Median, Size.Area"
Esophagus,LGBM,"Label, Orientation.Orientation, Shape.Solidity, Shape.FSD3, Nucleus.Intensity.MeanMedianDiff, Nucleus.Haralick.IDM.Range, Nucleus.Gradient.Canny.Mean, Nucleus.Haralick.DifferenceEntropy.Range, Nucleus.Haralick.IMC1.Mean, Shape.Extent"
Esophagus,SVM,"Nucleus.Haralick.Entropy.Mean, Nucleus.Haralick.DifferenceVariance.Mean, Nucleus.Gradient.Canny.Sum, Nucleus.Haralick.Contrast.Range, Nucleus.Haralick.DifferenceEntropy.Mean, Shape.HuMoments1, Nucleus.Haralick.Correlation.Range, Size.Area, Nucleus.Haralick.SumEntropy.Mean, Size.MajorAxisLength"
Esophagus,GB,"Nucleus.Intensity.Mean, Size.MinorAxisLength, Shape.WeightedHuMoments1, Nucleus.Haralick.IDM.Range, Nucleus.Haralick.DifferenceEntropy.Range, Label, Nucleus.Haralick.IMC1.Range, Nucleus.Haralick.DifferenceVariance.Range, Identifier.Ymin, Shape.FSD6"
HeadNeck,LR,"Size.Area, Label, Nucleus.Gradient.Canny.Sum, Size.Perimeter, Nucleus.Haralick.DifferenceEntropy.Mean, Shape.WeightedHuMoments1, Nucleus.Gradient.Mag.Mean, Nucleus.Haralick.DifferenceVariance.Mean, Shape.HuMoments3, Shape.WeightedHuMoments2"
HeadNeck,DT,"Nucleus.Haralick.IMC1.Mean, Nucleus.Haralick.DifferenceVariance.Range, Label, Nucleus.Haralick.SumAverage.Range, Nucleus.Intensity.Min, Size.MinorAxisLength, Nucleus.Haralick.IMC1.Range, Shape.Solidity, Shape.FSD3, Nucleus.Intensity.Max"
HeadNeck,RF,"Nucleus.Haralick.DifferenceVariance.Range, Label, Size.MinorAxisLength, Nucleus.Haralick.IDM.Range, Nucleus.Haralick.IMC1.Mean, Shape.EquivalentDiameter, Size.Area, Nucleus.Gradient.Canny.Sum, Nucleus.Haralick.IMC1.Range, Nucleus.Haralick.SumAverage.Range"
HeadNeck,XGB,"Nucleus.Haralick.IMC1.Mean, Nucleus.Haralick.DifferenceVariance.Range, Label, Nucleus.Intensity.Min, Nucleus.Haralick.Entropy.Range, Size.Area, Size.MinorAxisLength, Nucleus.Haralick.IDM.Range, Size.Perimeter, Nucleus.Intensity.Median"
HeadNeck,LGBM,"Label, Orientation.Orientation, Nucleus.Intensity.Min, Nucleus.Haralick.Correlation.Mean, Nucleus.Haralick.SumAverage.Range, Nucleus.Gradient.Canny.Mean, Nucleus.Intensity.Max, Shape.Solidity, Nucleus.Haralick.DifferenceVariance.Range, Shape.Extent"
HeadNeck,SVM,"Size.Area, Size.Perimeter, Nucleus.Gradient.Canny.Sum, Label, Nucleus.Haralick.Entropy.Mean, Shape.HuMoments3, Shape.MinorMajorAxisRatio, Nucleus.Haralick.Contrast.Range, Shape.WeightedHuMoments5, Nucleus.Intensity.Std"
HeadNeck,GB,"Nucleus.Haralick.IMC1.Mean, Nucleus.Haralick.DifferenceVariance.Range, Label, Nucleus.Intensity.Min, Nucleus.Haralick.IDM.Range, Nucleus.Haralick.Entropy.Range, Size.MinorAxisLength, Shape.EquivalentDiameter, Nucleus.Intensity.Max, Nucleus.Haralick.SumAverage.Range"
Kidney,LR,"Label, Nucleus.Intensity.IQR, Nucleus.Haralick.SumAverage.Mean, Size.Perimeter, Nucleus.Intensity.Mean, Nucleus.Intensity.HistEntropy, Nucleus.Intensity.Median, Shape.EquivalentDiameter, Nucleus.Intensity.Max, Nucleus.Haralick.DifferenceVariance.Mean"
Kidney,DT,"Nucleus.Intensity.Min, Nucleus.Haralick.SumAverage.Range, Label, Nucleus.Haralick.Contrast.Range, Nucleus.Intensity.Median, Size.MinorAxisLength, Nucleus.Haralick.IDM.Range, Nucleus.Haralick.SumOfSquares.Range, Nucleus.Gradient.Canny.Mean, Identifier.Ymax"
Kidney,RF,"Nucleus.Intensity.Min, Label, Nucleus.Intensity.Median, Nucleus.Haralick.SumAverage.Range, Nucleus.Intensity.Mean, Nucleus.Gradient.Mag.Std, Nucleus.Haralick.DifferenceEntropy.Range, Nucleus.Haralick.SumVariance.Range, Nucleus.Haralick.SumOfSquares.Range, Nucleus.Haralick.Entropy.Range"
Kidney,XGB,"Nucleus.Haralick.SumAverage.Range, Nucleus.Intensity.Min, Nucleus.Intensity.Median, Size.MinorAxisLength, Nucleus.Haralick.DifferenceEntropy.Mean, Nucleus.Haralick.DifferenceEntropy.Range, Label, Nucleus.Intensity.Mean, Nucleus.Intensity.Skewness, Nucleus.Gradient.Mag.Mean"
Kidney,LGBM,"Label, Nucleus.Intensity.Min, Identifier.Ymin, Shape.Solidity, Nucleus.Intensity.Median, Nucleus.Gradient.Mag.Kurtosis, Nucleus.Haralick.DifferenceEntropy.Range, Identifier.Ymax, Nucleus.Haralick.SumAverage.Range, Nucleus.Haralick.IDM.Range"
Kidney,SVM,"Nucleus.Haralick.SumAverage.Mean, Nucleus.Intensity.HistEntropy, Nucleus.Haralick.Correlation.Mean, Nucleus.Intensity.Max, Nucleus.Gradient.Mag.HistEnergy, Nucleus.Haralick.Contrast.Mean, Nucleus.Gradient.Canny.Sum, Shape.WeightedHuMoments1, Nucleus.Intensity.Mean, Size.ConvexHullArea"
Kidney,GB,"Nucleus.Intensity.Min, Nucleus.Haralick.SumAverage.Range, Label, Nucleus.Intensity.Median, Size.MinorAxisLength, Nucleus.Haralick.DifferenceEntropy.Range, Nucleus.Haralick.DifferenceEntropy.Mean, Shape.FSD4, Nucleus.Intensity.Max, Nucleus.Haralick.Entropy.Range"
Liver,LR,"Size.Area, Shape.WeightedHuMoments4, Nucleus.Haralick.SumAverage.Mean, Shape.HuMoments3, Shape.HuMoments4, Shape.WeightedHuMoments7, Nucleus.Haralick.IMC1.Mean, Shape.FSD6, Nucleus.Intensity.Mean, Shape.EquivalentDiameter"
Liver,DT,"Nucleus.Gradient.Canny.Sum, Nucleus.Haralick.Entropy.Range, Nucleus.Gradient.Canny.Mean, Nucleus.Intensity.Mean, Size.MajorAxisLength, Nucleus.Haralick.SumAverage.Range, Nucleus.Haralick.DifferenceEntropy.Range, Nucleus.Haralick.IDM.Mean, Label, Nucleus.Haralick.IDM.Range"
Liver,RF,"Size.MinorAxisLength, Nucleus.Haralick.Entropy.Range, Nucleus.Haralick.SumAverage.Range, Shape.Circularity, Nucleus.Gradient.Canny.Sum, Size.MajorAxisLength, Nucleus.Haralick.DifferenceEntropy.Range, Nucleus.Haralick.IMC1.Range, Nucleus.Haralick.DifferenceVariance.Range, Size.Area"
Liver,XGB,"Nucleus.Gradient.Canny.Sum, Size.MajorAxisLength, Nucleus.Intensity.Median, Size.MinorAxisLength, Nucleus.Haralick.DifferenceVariance.Range, Nucleus.Haralick.DifferenceEntropy.Range, Nucleus.Haralick.Entropy.Range, Shape.WeightedHuMoments1, Size.Area, Nucleus.Haralick.SumAverage.Range"
Liver,LGBM,"Label, Orientation.Orientation, Nucleus.Haralick.Entropy.Range, Nucleus.Haralick.SumAverage.Range, Shape.Extent, Nucleus.Gradient.Canny.Mean, Size.MajorAxisLength, Size.MinorAxisLength, Shape.WeightedHuMoments7, Shape.Solidity"
Liver,SVM,"Nucleus.Haralick.SumAverage.Mean, Shape.HuMoments1, Nucleus.Gradient.Canny.Sum, Shape.HuMoments4, Shape.Eccentricity, Identifier.WeightedCentroidY, Size.Area, Nucleus.Intensity.MAD, Nucleus.Gradient.Mag.Mean, Nucleus.Haralick.SumOfSquares.Range"
Liver,GB,"Nucleus.Gradient.Canny.Sum, Nucleus.Haralick.DifferenceEntropy.Range, Size.MajorAxisLength, Label, Size.MinorAxisLength, Shape.Extent, Nucleus.Haralick.Entropy.Range, Shape.WeightedHuMoments1, Nucleus.Haralick.DifferenceVariance.Range, Nucleus.Intensity.Median"
Lung,LR,"Size.MinorAxisLength, Nucleus.Intensity.Min, Shape.WeightedHuMoments6, Size.MajorAxisLength, Nucleus.Haralick.DifferenceEntropy.Mean, Nucleus.Gradient.Mag.Std, Shape.HuMoments3, Shape.WeightedHuMoments5, Nucleus.Haralick.Contrast.Mean, Nucleus.Intensity.Std"
Lung,DT,"Size.Area, Shape.WeightedHuMoments1, Nucleus.Intensity.Min, Size.MajorAxisLength, Shape.FSD2, Nucleus.Haralick.Correlation.Mean, Shape.Extent, Shape.Solidity, Shape.Circularity, Shape.HuMoments3"
Lung,RF,"Shape.EquivalentDiameter, Size.Area, Size.MinorAxisLength, Size.ConvexHullArea, Size.Perimeter, Size.MajorAxisLength, Nucleus.Intensity.Min, Nucleus.Gradient.Canny.Sum, Nucleus.Haralick.SumAverage.Range, Nucleus.Haralick.Correlation.Range"
Lung,XGB,"Nucleus.Gradient.Canny.Sum, Size.ConvexHullArea, Size.Perimeter, Size.Area, Nucleus.Intensity.Min, Nucleus.Intensity.Median, Shape.HuMoments2, Size.MinorAxisLength, Size.MajorAxisLength, Nucleus.Haralick.Correlation.Mean"
Lung,LGBM,"Label, Shape.Solidity, Orientation.Orientation, Nucleus.Haralick.DifferenceEntropy.Range, Nucleus.Intensity.Min, Shape.FSD2, Nucleus.Haralick.IDM.Range, Nucleus.Gradient.Canny.Mean, Shape.HuMoments7, Nucleus.Haralick.Correlation.Mean"
Lung,SVM,"Shape.WeightedHuMoments6, Size.Area, Size.MajorAxisLength, Shape.WeightedHuMoments5, Nucleus.Gradient.Canny.Sum, Nucleus.Intensity.MAD, Shape.HuMoments3, Nucleus.Haralick.DifferenceVariance.Mean, Shape.MinorMajorAxisRatio, Identifier.WeightedCentroidY"
Lung,GB,"Nucleus.Gradient.Canny.Sum, Size.MajorAxisLength, Nucleus.Intensity.Min, Size.MinorAxisLength, Size.Perimeter, Shape.EquivalentDiameter, Size.Area, Shape.Extent, Nucleus.Haralick.Correlation.Mean, Label"
Ovarian,LR,"Nucleus.Gradient.Mag.Mean, Nucleus.Haralick.IDM.Mean, Nucleus.Haralick.DifferenceEntropy.Mean, Nucleus.Haralick.DifferenceVariance.Mean, Shape.WeightedHuMoments1, Nucleus.Gradient.Mag.HistEntropy, Size.MajorAxisLength, Shape.EquivalentDiameter, Nucleus.Intensity.HistEntropy, Size.Area"
Ovarian,DT,"Nucleus.Haralick.IMC1.Mean, Nucleus.Haralick.DifferenceEntropy.Range, Nucleus.Haralick.DifferenceVariance.Range, Nucleus.Intensity.Std, Nucleus.Haralick.ASM.Mean, Nucleus.Intensity.Median, Nucleus.Haralick.DifferenceVariance.Mean, Label, Nucleus.Gradient.Canny.Mean, Shape.FSD5"
Ovarian,RF,"Nucleus.Haralick.DifferenceVariance.Range, Nucleus.Haralick.IMC1.Mean, Size.MinorAxisLength, Nucleus.Haralick.IMC2.Mean, Nucleus.Haralick.DifferenceVariance.Mean, Nucleus.Haralick.IDM.Mean, Nucleus.Haralick.IDM.Range, Nucleus.Haralick.DifferenceEntropy.Range, Nucleus.Haralick.ASM.Range, Nucleus.Haralick.IMC1.Range"
Ovarian,XGB,"Nucleus.Haralick.IMC1.Mean, Nucleus.Haralick.DifferenceVariance.Range, Nucleus.Intensity.Median, Nucleus.Haralick.Contrast.Range, Shape.HuMoments2, Size.MinorAxisLength, Nucleus.Haralick.IDM.Mean, Nucleus.Intensity.Std, Nucleus.Haralick.SumAverage.Range, Nucleus.Haralick.Entropy.Range"
Ovarian,LGBM,"Label, Nucleus.Gradient.Canny.Mean, Shape.Solidity, Nucleus.Haralick.Entropy.Range, Nucleus.Haralick.SumAverage.Range, Nucleus.Haralick.DifferenceVariance.Range, Nucleus.Haralick.IMC1.Mean, Nucleus.Gradient.Mag.Std, Nucleus.Intensity.MeanMedianDiff, Nucleus.Haralick.SumAverage.Mean"
Ovarian,SVM,"Nucleus.Gradient.Mag.Mean, Nucleus.Haralick.IDM.Mean, Nucleus.Haralick.DifferenceEntropy.Mean, Nucleus.Haralick.DifferenceVariance.Mean, Nucleus.Intensity.Std, Nucleus.Gradient.Mag.HistEntropy, Nucleus.Haralick.IMC1.Range, Size.MajorAxisLength, Identifier.Xmax, Size.Perimeter"
Ovarian,GB,"Nucleus.Haralick.IMC1.Mean, Nucleus.Haralick.DifferenceVariance.Range, Nucleus.Haralick.DifferenceEntropy.Range, Size.MinorAxisLength, Nucleus.Intensity.Std, Nucleus.Intensity.Median, Nucleus.Haralick.ASM.Mean, Nucleus.Haralick.Entropy.Range, Nucleus.Haralick.IDM.Mean, Nucleus.Haralick.DifferenceVariance.Mean"
Pancreatic,LR,"Size.Area, Identifier.Ymax, Shape.HuMoments3, Identifier.Xmax, Shape.WeightedHuMoments1, Nucleus.Haralick.Contrast.Mean, Nucleus.Haralick.Entropy.Mean, Nucleus.Haralick.SumEntropy.Mean, Nucleus.Haralick.ASM.Mean, Identifier.Ymin"
Pancreatic,DT,"Shape.Circularity, Nucleus.Haralick.DifferenceEntropy.Range, Nucleus.Haralick.IMC1.Mean, Label, Nucleus.Intensity.Skewness, Nucleus.Intensity.Min, Nucleus.Gradient.Canny.Mean, Nucleus.Haralick.SumAverage.Range, Shape.Solidity, Size.MinorAxisLength"
Pancreatic,RF,"Label, Nucleus.Haralick.IMC1.Mean, Nucleus.Haralick.DifferenceEntropy.Range, Shape.Circularity, Shape.Eccentricity, Nucleus.Haralick.Entropy.Range, Nucleus.Haralick.SumAverage.Range, Shape.HuMoments2, Nucleus.Haralick.ASM.Mean, Nucleus.Intensity.Min"
Pancreatic,XGB,"Shape.MinorMajorAxisRatio, Nucleus.Haralick.IMC1.Mean, Nucleus.Haralick.SumOfSquares.Range, Nucleus.Haralick.DifferenceEntropy.Range, Nucleus.Intensity.MAD, Label, Nucleus.Intensity.Min, Nucleus.Haralick.SumAverage.Mean, Nucleus.Intensity.Median, Size.MinorAxisLength"
Pancreatic,LGBM,"Label, Nucleus.Haralick.SumAverage.Range, Shape.Extent, Orientation.Orientation, Nucleus.Intensity.Min, Nucleus.Haralick.SumOfSquares.Range, Nucleus.Haralick.DifferenceVariance.Range, Nucleus.Gradient.Canny.Mean, Nucleus.Haralick.IMC1.Mean, Shape.Solidity"
Pancreatic,SVM,"Size.Area, Nucleus.Haralick.Entropy.Mean, Shape.HuMoments3, Nucleus.Gradient.Canny.Sum, Identifier.Ymax, Nucleus.Haralick.SumEntropy.Mean, Label, Size.Perimeter, Nucleus.Intensity.Std, Shape.HuMoments4"
Pancreatic,GB,"Label, Nucleus.Haralick.SumOfSquares.Range, Nucleus.Haralick.IMC1.Mean, Nucleus.Haralick.DifferenceEntropy.Range, Nucleus.Intensity.Min, Size.MinorAxisLength, Shape.Circularity, Nucleus.Haralick.SumAverage.Mean, Shape.Eccentricity, Shape.MinorMajorAxisRatio"
Prostate,LR,"Nucleus.Gradient.Mag.Skewness, Shape.FSD2, Nucleus.Haralick.Entropy.Range, Shape.MinorMajorAxisRatio, Shape.Extent, Nucleus.Intensity.HistEnergy, Nucleus.Haralick.DifferenceVariance.Mean, Nucleus.Intensity.HistEntropy, Shape.FSD5, Label"
Prostate,DT,"Nucleus.Haralick.DifferenceEntropy.Range, Size.MinorAxisLength, Shape.Extent, Nucleus.Haralick.SumVariance.Range, Nucleus.Haralick.Contrast.Range, Shape.FSD2, Orientation.Orientation, Nucleus.Intensity.Min, Nucleus.Haralick.IDM.Range, Shape.HuMoments4"
Prostate,RF,"Size.MinorAxisLength, Nucleus.Haralick.DifferenceEntropy.Range, Nucleus.Haralick.Contrast.Range, Nucleus.Haralick.IDM.Range, Nucleus.Haralick.Entropy.Range, Nucleus.Haralick.SumVariance.Range, Size.Area, Shape.EquivalentDiameter, Shape.Extent, Shape.WeightedHuMoments2"
Prostate,XGB,"Nucleus.Haralick.DifferenceEntropy.Range, Size.MinorAxisLength, Nucleus.Haralick.Contrast.Range, Shape.Extent, Nucleus.Haralick.SumVariance.Range, Nucleus.Intensity.Min, Nucleus.Intensity.Median, Nucleus.Haralick.SumAverage.Range, Nucleus.Haralick.IDM.Mean, Size.Area"
Prostate,LGBM,"Label, Orientation.Orientation, Nucleus.Intensity.MeanMedianDiff, Shape.Extent, Nucleus.Intensity.Min, Size.MinorAxisLength, Shape.FractalDimension, Nucleus.Haralick.IDM.Range, Nucleus.Haralick.Entropy.Range, Shape.FSD2"
Prostate,SVM,"Nucleus.Haralick.IMC1.Mean, Nucleus.Haralick.DifferenceVariance.Mean, Nucleus.Intensity.HistEntropy, Nucleus.Haralick.SumEntropy.Mean, Shape.Solidity, Shape.Extent, Nucleus.Intensity.HistEnergy, Shape.FSD5, Nucleus.Haralick.IMC2.Range, Nucleus.Haralick.IMC2.Mean"
Prostate,GB,"Nucleus.Haralick.DifferenceEntropy.Range, Size.MinorAxisLength, Nucleus.Haralick.Contrast.Range, Shape.Extent, Nucleus.Intensity.Min, Nucleus.Haralick.Entropy.Range, Nucleus.Haralick.IDM.Range, Nucleus.Haralick.SumAverage.Range, Label, Orientation.Orientation"
Skin,LR,"Size.Area, Label, Shape.WeightedHuMoments4, Shape.HuMoments3, Shape.EquivalentDiameter, Nucleus.Haralick.Correlation.Range, Shape.WeightedHuMoments3, Size.ConvexHullArea, Nucleus.Haralick.Contrast.Mean, Nucleus.Gradient.Mag.Mean"
Skin,DT,"Nucleus.Haralick.SumAverage.Range, Nucleus.Haralick.DifferenceVariance.Mean, Label, Nucleus.Haralick.IDM.Mean, Nucleus.Haralick.DifferenceVariance.Range, Size.MinorAxisLength, Nucleus.Intensity.Min, Shape.WeightedHuMoments1, Nucleus.Haralick.Correlation.Mean, Size.Area"
Skin,RF,"Nucleus.Haralick.DifferenceVariance.Mean, Nucleus.Haralick.SumAverage.Range, Nucleus.Haralick.Contrast.Mean, Nucleus.Haralick.DifferenceEntropy.Mean, Nucleus.Haralick.IDM.Mean, Label, Nucleus.Haralick.Correlation.Mean, Nucleus.Haralick.Correlation.Range, Nucleus.Gradient.Mag.Mean, Nucleus.Haralick.SumVariance.Mean"
Skin,XGB,"Nucleus.Haralick.DifferenceVariance.Mean, Nucleus.Haralick.SumAverage.Range, Nucleus.Haralick.Contrast.Mean, Nucleus.Haralick.DifferenceEntropy.Mean, Size.Area, Nucleus.Haralick.Correlation.Mean, Label, Nucleus.Intensity.Mean, Nucleus.Haralick.IMC1.Mean, Nucleus.Intensity.Median"
Skin,LGBM,"Label, Nucleus.Haralick.IDM.Mean, Nucleus.Haralick.DifferenceEntropy.Range, Nucleus.Intensity.Max, Nucleus.Haralick.ASM.Range, Identifier.Ymin, Nucleus.Intensity.Min, Nucleus.Haralick.Correlation.Mean, Shape.Solidity, Orientation.Orientation"
Skin,SVM,"Size.Area, Shape.WeightedHuMoments6, Shape.WeightedHuMoments3, Shape.EquivalentDiameter, Nucleus.Haralick.DifferenceEntropy.Mean, Shape.WeightedHuMoments4, Size.ConvexHullArea, Nucleus.Haralick.IMC2.Mean, Nucleus.Haralick.DifferenceVariance.Mean, Shape.MinorMajorAxisRatio"
Skin,GB,"Nucleus.Haralick.SumAverage.Range, Nucleus.Haralick.DifferenceVariance.Mean, Nucleus.Haralick.Contrast.Mean, Label, Nucleus.Haralick.Correlation.Mean, Nucleus.Haralick.IDM.Mean, Nucleus.Intensity.Mean, Size.MinorAxisLength, Nucleus.Haralick.DifferenceEntropy.Range, Nucleus.Intensity.Min"
Stomach,LR,"Label, Nucleus.Gradient.Canny.Sum, Nucleus.Haralick.SumEntropy.Mean, Size.ConvexHullArea, Nucleus.Haralick.Entropy.Mean, Shape.HuMoments3, Nucleus.Haralick.Contrast.Mean, Shape.HuMoments4, Identifier.Ymax, Nucleus.Haralick.IDM.Mean"
Stomach,DT,"Nucleus.Gradient.Canny.Sum, Label, Nucleus.Haralick.Entropy.Range, Nucleus.Haralick.DifferenceVariance.Range, Nucleus.Haralick.SumAverage.Range, Identifier.CentroidY, Shape.Circularity, Identifier.Ymin, Nucleus.Gradient.Canny.Mean, Size.MinorAxisLength"
Stomach,RF,"Label, Nucleus.Gradient.Canny.Sum, Nucleus.Haralick.SumAverage.Range, Size.MinorAxisLength, Nucleus.Haralick.Entropy.Range, Nucleus.Haralick.DifferenceVariance.Range, Size.MajorAxisLength, Nucleus.Haralick.SumOfSquares.Range, Nucleus.Haralick.IMC1.Range, Nucleus.Haralick.IDM.Range"
Stomach,XGB,"Nucleus.Gradient.Canny.Sum, Nucleus.Haralick.SumAverage.Range, Nucleus.Haralick.Entropy.Range, Label, Nucleus.Haralick.DifferenceVariance.Range, Size.MinorAxisLength, Identifier.Ymin, Size.Area, Identifier.Ymax, Identifier.WeightedCentroidY"
Stomach,LGBM,"Label, Nucleus.Haralick.IDM.Range, Shape.Solidity, Nucleus.Haralick.Entropy.Range, Nucleus.Haralick.DifferenceEntropy.Range, Identifier.Ymin, Shape.Extent, Shape.FSD4, Orientation.Orientation, Shape.WeightedHuMoments7"
Stomach,SVM,"Label, Shape.HuMoments3, Size.MajorAxisLength, Nucleus.Haralick.Entropy.Mean, Nucleus.Haralick.SumEntropy.Mean, Nucleus.Gradient.Canny.Sum, Shape.HuMoments6, Size.ConvexHullArea, Nucleus.Haralick.SumVariance.Range, Size.Perimeter"
Stomach,GB,"Label, Nucleus.Haralick.Entropy.Range, Nucleus.Gradient.Canny.Sum, Size.MinorAxisLength, Nucleus.Haralick.SumAverage.Range, Nucleus.Haralick.DifferenceVariance.Range, Nucleus.Haralick.SumOfSquares.Range, Identifier.Ymax, Nucleus.Haralick.DifferenceEntropy.Range, Size.MajorAxisLength"
Testis,LR,"Shape.HuMoments3, Shape.HuMoments7, Size.Area, Nucleus.Gradient.Mag.Mean, Shape.HuMoments4, Label, Nucleus.Haralick.Entropy.Mean, Nucleus.Haralick.IDM.Mean, Nucleus.Intensity.IQR, Nucleus.Haralick.Correlation.Range"
Testis,DT,"Nucleus.Haralick.SumAverage.Range, Nucleus.Intensity.Std, Size.MinorAxisLength, Label, Nucleus.Haralick.DifferenceEntropy.Range, Nucleus.Haralick.Entropy.Range, Shape.Circularity, Nucleus.Haralick.SumAverage.Mean, Shape.Extent, Nucleus.Haralick.IDM.Range"
Testis,RF,"Nucleus.Haralick.SumAverage.Range, Size.MinorAxisLength, Nucleus.Haralick.SumOfSquares.Range, Nucleus.Haralick.SumVariance.Range, Label, Nucleus.Haralick.DifferenceEntropy.Range, Nucleus.Gradient.Canny.Sum, Shape.WeightedHuMoments1, Nucleus.Haralick.Entropy.Range, Nucleus.Intensity.Median"
Testis,XGB,"Nucleus.Gradient.Canny.Sum, Nucleus.Haralick.SumAverage.Range, Nucleus.Gradient.Mag.Mean, Nucleus.Haralick.Contrast.Mean, Nucleus.Intensity.Median, Nucleus.Haralick.DifferenceEntropy.Range, Nucleus.Haralick.DifferenceEntropy.Mean, Shape.WeightedHuMoments1, Nucleus.Intensity.Mean, Label"
Testis,LGBM,"Label, Orientation.Orientation, Nucleus.Intensity.Min, Nucleus.Haralick.DifferenceEntropy.Range, Nucleus.Haralick.SumAverage.Range, Shape.Extent, Nucleus.Gradient.Canny.Mean, Shape.FSD4, Shape.Solidity, Nucleus.Intensity.Max"
Testis,SVM,"Size.Area, Shape.HuMoments1, Shape.HuMoments7, Shape.HuMoments3, Nucleus.Haralick.Entropy.Mean, Label, Shape.HuMoments4, Nucleus.Haralick.Correlation.Range, Nucleus.Gradient.Mag.Mean, Shape.HuMoments2"
Testis,GB,"Nucleus.Haralick.SumAverage.Range, Nucleus.Gradient.Canny.Sum, Nucleus.Haralick.DifferenceEntropy.Range, Label, Nucleus.Gradient.Mag.Mean, Nucleus.Haralick.Contrast.Mean, Nucleus.Intensity.Median, Size.MinorAxisLength, Nucleus.Haralick.IMC1.Mean, Nucleus.Intensity.Std"
Thyroid,LR,"Shape.HuMoments3, Nucleus.Haralick.DifferenceEntropy.Mean, Size.MinorAxisLength, Nucleus.Haralick.SumAverage.Mean, Nucleus.Intensity.Mean, Nucleus.Gradient.Canny.Sum, Identifier.Xmin, Size.MajorAxisLength, Shape.WeightedHuMoments3, Nucleus.Gradient.Mag.HistEnergy"
Thyroid,DT,"Size.MinorAxisLength, Nucleus.Haralick.Entropy.Range, Nucleus.Haralick.IDM.Mean, Nucleus.Intensity.Median, Shape.Circularity, Nucleus.Haralick.DifferenceEntropy.Range, Nucleus.Haralick.Correlation.Mean, Shape.Extent, Nucleus.Haralick.Correlation.Range, Nucleus.Gradient.Mag.Skewness"
Thyroid,RF,"Size.MinorAxisLength, Nucleus.Haralick.Entropy.Range, Nucleus.Haralick.IMC1.Mean, Nucleus.Haralick.DifferenceEntropy.Range, Shape.Solidity, Nucleus.Intensity.Median, Nucleus.Haralick.SumAverage.Range, Size.Area, Nucleus.Gradient.Canny.Sum, Nucleus.Intensity.Mean"
Thyroid,XGB,"Nucleus.Intensity.Median, Nucleus.Haralick.IMC1.Mean, Size.MinorAxisLength, Size.MajorAxisLength, Nucleus.Haralick.Entropy.Range, Nucleus.Gradient.Canny.Sum, Nucleus.Haralick.DifferenceEntropy.Range, Nucleus.Intensity.Mean, Shape.Circularity, Nucleus.Haralick.IDM.Mean"
Thyroid,LGBM,"Nucleus.Intensity.MeanMedianDiff, Shape.Extent, Nucleus.Haralick.DifferenceEntropy.Range, Shape.Solidity, Shape.HuMoments1, Shape.WeightedHuMoments7, Nucleus.Haralick.Entropy.Range, Nucleus.Haralick.SumAverage.Range, Shape.FSD3, Nucleus.Gradient.Canny.Mean"
Thyroid,SVM,"Shape.HuMoments1, Size.MinorAxisLength, Shape.HuMoments2, Nucleus.Haralick.SumEntropy.Mean, Shape.WeightedHuMoments3, Nucleus.Haralick.Entropy.Mean, Nucleus.Gradient.Mag.HistEnergy, Identifier.WeightedCentroidY, Shape.HuMoments3, Shape.WeightedHuMoments4"
Thyroid,GB,"Nucleus.Haralick.IMC1.Mean, Nucleus.Haralick.DifferenceEntropy.Range, Size.MinorAxisLength, Nucleus.Haralick.Entropy.Range, Nucleus.Intensity.Median, Size.MajorAxisLength, Shape.Solidity, Shape.Extent, Nucleus.Intensity.Mean, Shape.HuMoments1"
Uterus,LR,"Shape.HuMoments3, Label, Nucleus.Intensity.Std, Shape.WeightedHuMoments1, Identifier.Xmax, Nucleus.Haralick.IMC2.Mean, Nucleus.Haralick.DifferenceEntropy.Mean, Nucleus.Gradient.Canny.Sum, Identifier.Ymax, Shape.WeightedHuMoments6"
Uterus,DT,"Nucleus.Haralick.IMC2.Mean, Nucleus.Haralick.Contrast.Mean, Nucleus.Haralick.IMC1.Mean, Nucleus.Haralick.DifferenceEntropy.Range, Label, Nucleus.Intensity.Min, Nucleus.Haralick.SumAverage.Range, Nucleus.Haralick.Entropy.Range, Size.MajorAxisLength, Orientation.Orientation"
Uterus,RF,"Nucleus.Haralick.IMC2.Mean, Nucleus.Haralick.SumAverage.Range, Nucleus.Haralick.IMC1.Mean, Label, Nucleus.Haralick.IMC2.Range, Nucleus.Haralick.Contrast.Mean, Nucleus.Haralick.DifferenceEntropy.Range, Nucleus.Haralick.DifferenceVariance.Range, Nucleus.Haralick.SumVariance.Range, Nucleus.Intensity.Median"
Uterus,XGB,"Nucleus.Haralick.IMC2.Mean, Nucleus.Gradient.Mag.Std, Nucleus.Haralick.SumAverage.Range, Nucleus.Haralick.DifferenceEntropy.Range, Nucleus.Haralick.IMC1.Mean, Label, Nucleus.Haralick.Contrast.Mean, Nucleus.Intensity.Min, Nucleus.Haralick.DifferenceEntropy.Mean, Shape.Circularity"
Uterus,LGBM,"Label, Nucleus.Haralick.SumAverage.Range, Nucleus.Haralick.SumAverage.Mean, Nucleus.Gradient.Canny.Mean, Nucleus.Haralick.DifferenceEntropy.Range, Shape.Solidity, Shape.FSD2, Shape.HuMoments7, Nucleus.Haralick.Correlation.Mean, Nucleus.Intensity.MeanMedianDiff"
Uterus,SVM,"Shape.HuMoments3, Shape.WeightedHuMoments6, Nucleus.Haralick.SumEntropy.Mean, Identifier.Ymax, Identifier.Xmax, Shape.MinorMajorAxisRatio, Size.ConvexHullArea, Nucleus.Gradient.Mag.HistEnergy, Size.MinorAxisLength, Nucleus.Haralick.DifferenceVariance.Mean"
Uterus,GB,"Nucleus.Haralick.IMC2.Mean, Nucleus.Haralick.SumAverage.Range, Nucleus.Haralick.DifferenceEntropy.Range, Label, Nucleus.Gradient.Mag.Std, Nucleus.Haralick.IMC1.Mean, Nucleus.Haralick.Contrast.Mean, Nucleus.Haralick.Correlation.Mean, Shape.Circularity, Nucleus.Haralick.SumAverage.Mean"
